time,sclerostin_bone,sclerostin_sensor,rankl_bone,opg_bone,osteocytes,osteoblasts,osteoclasts,biosensor_signal,detection_event
0.0,0.05526018454973128,0.025000000000000005,0.41086181197171145,3.589462241729766,1.0,1.0,1.0,0.6388204042377542,1
10.0,0.0025157365740538407,0.552476372726047,0.031982838006938935,0.280431977680192,1.0052311758597465,1.048533655205277,0.9048382526919573,0.6448235435774327,1
20.0,0.002225251812461892,0.555469001489791,0.014924519079442875,0.13145178271436778,1.0109100643622828,1.0948927868643652,0.8187315204890744,0.6583762983787085,1
30.0,0.0022239990336646288,0.5555701999085608,0.014163319509254238,0.12480921043287262,1.0170116923953052,1.1389920172049333,0.7408189213421259,0.6593422918997467,1
40.0,0.0022243452877510933,0.5556560348155062,0.014136272020778579,0.12457885374107892,1.0235119548931673,1.1809405016972145,0.6703206861036155,0.6452333110246704,1
50.0,0.002224703713901711,0.5557424116372739,0.014142397141069156,0.12463831109138085,1.0303879377822562,1.22084312753586,0.60653124499745,0.6630004408328265,1
60.0,0.002225065551502563,0.5558294542402553,0.014150087559060042,0.12471151345830793,1.0376178618281986,1.258799672328734,0.5488121718088365,0.6615788738539818,1
70.0,0.002225430832669855,0.5559171964596284,0.014157951071467148,0.1247862972359815,1.0451810272160775,1.2949050474947454,0.4965857949923794,0.6460736309681839,1
80.0,0.0022257996482096597,0.5560056695353359,0.014165926399929323,0.12486212379544219,1.0530577608151455,1.329249535583226,0.44932941493417117,0.6641807461291735,1
90.0,0.002226172071693815,0.5560949029708925,0.014173974004914143,0.12493864456250516,1.0612293660275176,1.3619190159984746,0.4065700740174821,0.6453589929145311,1
100.0,0.0022265481790854393,0.5561849244319337,0.014182084236001957,0.12501577218057774,1.069678075080943,1.3929951797261002,0.367879823658692,0.6601416397546597,1
110.0,0.0022269280438638158,0.5562757598850558,0.014190258545089145,0.12509351641147506,1.0783870036779466,1.422555733455368,0.3328714470326707,0.66232131045539,1
120.0,0.002227311747529616,0.5563674335788085,0.014198551415516111,0.1251723503455718,1.087340107685209,1.4506745945203274,0.30119455779747784,0.6531614060668797,1
130.0,0.002227699332647069,0.5564599685945204,0.014206897217710774,0.1252516981230957,1.0965221422031415,1.477422075129599,0.27253211872816707,0.6639830656427914,1
140.0,0.0022280908625541924,0.5565533863268296,0.0142152928052029,0.12533152974800074,1.1059186225089201,1.502865058165806,0.2465972696449136,0.6654772647757601,1
150.0,0.002228486393513276,0.5566477068359905,0.014223759558075165,0.12541202956872913,1.1155157868723238,1.5270671645568124,0.22313044936004225,0.656690816413499,1
160.0,0.00222888597236892,0.5567429489415711,0.014232278403480993,0.12549302872681647,1.1253005611618383,1.550088912590679,0.20189679031832825,0.6712315030575865,1
170.0,0.00222928964802212,0.5568391301743134,0.01424085301941987,0.12557455718327848,1.1352605253051156,1.5719878688858158,0.1826837811154489,0.6625727050476001,1
180.0,0.002229697461879032,0.5569362669352241,0.0142494834452428,0.12565661322579566,1.145383881258053,1.5928187925720865,0.16529913133325363,0.6516543192202767,1
190.0,0.002230109453520865,0.5570343744989955,0.014258163580371982,0.1257391416141525,1.1556594227189168,1.6126337716190229,0.14956886352597024,0.6635042007426042,1
200.0,0.002230525659678251,0.5571334670818359,0.014266891466825846,0.12582212338551055,1.1660765061192784,1.6314823534181697,0.1353355616233864,0.6509264285873455,1
210.0,0.002230946113762422,0.5572335579014855,0.01427566294736469,0.12590552045916484,1.17662502274375,1.6494116702856805,0.12245675186875406,0.6568788580915137,1
220.0,0.002231370845794995,0.5573346592293953,0.014284476597586998,0.12598931871041855,1.1872953727853153,1.6664665562544334,0.11080350870918554,0.6726806450123438,1
230.0,0.0022317998836834762,0.5574367824268547,0.014293332503966739,0.12607351729283747,1.1980784407048206,1.6826896579972108,0.10025919761770752,0.6535089516003522,1
240.0,0.002232233252949843,0.5575399379947673,0.014302228604099574,0.1261580966691042,1.2089655715052945,1.698121541632999,0.09071830130064498,0.6417595719944488,1
250.0,0.002232670976367628,0.5576441356222813,0.014311161688717733,0.12624302735933554,1.2199485480416408,1.7128007948739012,0.08208534252205679,0.6657122444554473,1
260.0,0.0022331130744272236,0.5577493842247686,0.014320129796098816,0.12632829085076527,1.2310195695213595,1.726764123812214,0.07427392050924163,0.6727221687916962,1
270.0,0.002233559565604086,0.5578556919814908,0.014329131754321666,0.12641387559613712,1.2421712311527806,1.7400464445434887,0.06720585166995928,0.6419584257156109,1
280.0,0.002234010466279492,0.5579630663747286,0.014338165968278707,0.12649976641590902,1.25339650480465,1.75268097023829,0.06081039414723843,0.663041664886467,1
290.0,0.0022344657908115596,0.5580715142255991,0.01434723057597263,0.1265859458603073,1.2646887205747563,1.7646992941230766,0.05502354148613008,0.652685086173314,1
300.0,0.002234925551722626,0.558181041726984,0.014356324020863318,0.12667239920538464,1.2760415492260735,1.7761314685570788,0.04978737945387251,0.6668063562682491,1
310.0,0.0022353897598054026,0.5582916544755707,0.014365445032838294,0.12675911428397774,1.2874489854768794,1.7870060802660597,0.04504950386314004,0.6408600612186056,1
320.0,0.0022358584241801384,0.55840335750273,0.014374592334361221,0.12684607891643948,1.2989053321220978,1.7973503218353997,0.040762495966469324,0.655475137908672,1
330.0,0.002236331552374817,0.558516155303592,0.014383764577417824,0.12693328035735396,1.3104051849441896,1.8071900596499852,0.03688344946612774,0.6605977746531421,1
340.0,0.002236809150421431,0.5586300518645027,0.014392960482068087,0.1270207065032653,1.3219434183579577,1.8165498985313109,0.033373542103819966,0.659367799738555,1
350.0,0.0022372912229419997,0.5587450506892614,0.014402178920845535,0.12710834662753234,1.3335151717187534,1.8254532433890769,0.030197645342620014,0.6565892818777662,1
360.0,0.0022377777732168007,0.5588611548240892,0.014411418849409196,0.12719619077243086,1.3451158363588451,1.8339223575958452,0.027323974322231177,0.6588979623535917,1
370.0,0.002238268803245798,0.558978366881506,0.014420679187231368,0.127284228704949,1.3567410432061322,1.8419784187409711,0.02472376847692151,0.6634125811787559,1
380.0,0.002238764313826602,0.5590966890628011,0.014429958903328629,0.1273724506635961,1.3683866510272966,1.8496415715743686,0.022371004081279972,0.6648904555501636,1
390.0,0.0022392643046205358,0.559216123179481,0.014439257068763997,0.1274608478150841,1.3800487352440791,1.8569309783710102,0.020242134030277352,0.6649632012422604,1
400.0,0.002239768774207674,0.559336670673748,0.014448572799295989,0.12754941175161036,1.3917235772935035,1.8638648668474913,0.018315852118164853,0.6727431477510692,1
410.0,0.002240277720145476,0.559458332637909,0.014457905226161511,0.12763813423395137,1.4034076545066887,1.8704605757447479,0.01657287966754169,0.666372003923469,1
420.0,0.0022407911390267504,0.5595811098328092,0.014467253522305013,0.12772700741892626,1.415097630482074,1.8767345981857284,0.014995772535556623,0.6724900763320327,1
430.0,0.00224130902653154,0.5597050027053903,0.014476616914845086,0.12781602396673705,1.426790345929092,1.8827026229158734,0.013568746567785039,0.6601507465529466,1
440.0,0.0022418313774759647,0.5598300114053901,0.014485994670600407,0.12790517691307565,1.4384828099589189,1.8883795735315503,0.012277519678178347,0.6544545210649061,1
450.0,0.002242358185859988,0.5599561358012078,0.014495386085486483,0.1279944595751092,1.4501721918001278,1.8937796457962432,0.011109168922636789,0.6582356769418305,1
460.0,0.0022428894449129833,0.5600833754949881,0.014504790487289008,0.12808386557436946,1.4618558129185004,1.8989163431378537,0.010052001141517221,0.6639485341426211,1
470.0,0.0022434251471365237,0.5602117298369611,0.01451420723967308,0.1281733888705035,1.473531139524311,1.9038025104021823,0.009095435998274694,0.6793811923524053,1
480.0,0.002243965284344998,0.5603411979390945,0.014523635739702547,0.12826302373840034,1.4851957754373835,1.9084503659962555,0.008229899907782908,0.6724817694649461,1
490.0,0.0022445098477043408,0.5604717786880666,0.014533075412622044,0.1283527647214674,1.4968474553025963,1.912871532454466,0.007446730169973644,0.6492447407593603,1
500.0,0.002245058827768997,0.5606034707575693,0.014542525709013139,0.12844260660570161,1.508484038151457,1.9170770654471976,0.006738088632407817,0.6705120580913884,1
510.0,0.0022456122145169933,0.5607362726200391,0.01455198610771793,0.12853254444418577,1.5201035012604143,1.9210774814539662,0.006096883037406365,0.6683399252251212,1
520.0,0.002246169997383075,0.5608701825578014,0.01456145611452792,0.12862257354464937,1.5317039343149943,1.9248827840601752,0.005516696036802525,0.6625877422791308,1
530.0,0.0022467321652903946,0.561005198673661,0.01457093525835141,0.12871268943505426,1.5432835338589292,1.9285024889712294,0.004991720966748012,0.6636718455496167,1
540.0,0.002247298706680646,0.5611413189009699,0.014580423090259687,0.12880288785436964,1.5548405980143623,1.9319456478066204,0.004516703736558788,0.6664587118312381,1
550.0,0.0022478696095426095,0.5612785410131985,0.01458991918373772,0.12889316475391172,1.5663735214598873,1.935220870733587,0.004086890246409565,0.6760129736632404,1
560.0,0.0022484448614392832,0.5614168626330337,0.014599423133509572,0.1289835162862764,1.5778807906538386,1.9383363479969702,0.003697978807120518,0.6736847934931723,1
570.0,0.0022490244495337146,0.5615562812410256,0.01460893455384144,0.1290739387897479,1.5893609792908776,1.9412998703990698,0.003346077087162331,0.670259481971204,1
580.0,0.0022496083606135327,0.5616967941838071,0.014618453077564037,0.12916442877902862,1.6008127439804998,1.944118848780679,0.0030276631571119366,0.656684022471043,1
590.0,0.002250196581114246,0.5618383986819058,0.014627978355484362,0.1292549829394051,1.6122348201366392,1.946800332552007,0.002739550241778546,0.6620467469398101,1
600.0,0.0022507890971413826,0.5619810918371682,0.014637510055586545,0.12934559811910618,1.6236260180680737,1.94935102731983,0.0024788548266780905,0.6702872361813739,1
610.0,0.0022513858944915176,0.5621248706398124,0.01464704786204389,0.1294362713200445,1.634985219261936,1.9517773116454968,0.0022429678312412,0.6645598838772533,1
620.0,0.0022519869586722957,0.5622697319751441,0.014656591474346064,0.1295269996895932,1.6463113728410683,1.9540852530204744,0.0020295284049632973,0.6714468977051934,1
630.0,0.002252592274921398,0.5624156726299228,0.01466614060659901,0.12961778051390155,1.6576034922033516,1.9562806230228298,0.0018364003607552295,0.6632349730873844,1
640.0,0.0022532018282245708,0.5625626892984124,0.014675694986936922,0.12970861121221774,1.6688606518242712,1.9583689117389802,0.0016616508250494098,0.6650085029251661,1
650.0,0.002253815603332765,0.5627107785881396,0.01468525435676912,0.1297994893297948,1.6800819842115058,1.9603553415011865,0.0015035308598700388,0.672681129932787,1
660.0,0.002254433584778414,0.5628599370253599,0.014694818470059757,0.12989041253110892,1.6912666770103646,1.9622448799460468,0.0013604579593801014,0.6687630467526414,1
670.0,0.0022550557568908895,0.5630101610602523,0.014704387092766636,0.1299813785944913,1.7024139702507153,1.9640422524361278,0.0012310002119813074,0.6722994105144641,1
680.0,0.0022556821038111803,0.5631614470718538,0.014713960002292645,0.13007238540689317,1.7135231537284987,1.9657519538757882,0.0011138619695510404,0.6601156474596495,1
690.0,0.0022563126095058303,0.5633137913727475,0.01472353698689962,0.13016343095834412,1.7245935645152655,1.9673782599507408,0.001007870880425057,0.6660541125021953,1
700.0,0.0022569472577801722,0.5634671902135152,0.014733117845159944,0.13025451333676086,1.7356245845894889,1.968925237819456,0.000911966156337827,0.676456122554057,1
710.0,0.0022575860322908976,0.563621639786968,0.014742702385466351,0.13034563072328337,1.7466156385837157,1.970396756283143,0.0008251879558788538,0.6592298281043258,1
720.0,0.002258228916557983,0.5637771362321636,0.014752290425563403,0.13043678138781978,1.7575661916418994,1.9717964954597365,0.0007466677782140593,0.673423498308013,1
730.0,0.002258875893976017,0.5639336756382222,0.014761881792086947,0.13052796368467784,1.768475747381545,1.9731279559860802,0.0006756197709444137,0.6703646061168872,1
740.0,0.002259526947824948,0.5640912540479498,0.01477147632012419,0.1306191760483941,1.7793438459555502,1.9743944677713154,0.0006113328651217622,0.6621681024415361,1
750.0,0.0022601820612802794,0.564249867461277,0.014781073852802742,0.13071041698983188,1.7901700622102497,1.9755991983171926,0.0005531636690559553,0.6674857627983626,1
760.0,0.0022608412174227746,0.5644095118385343,0.014790674240900994,0.13080168509247994,1.8009540039280314,1.9767451606576674,0.0005005299957849028,0.6688983030943926,1
770.0,0.0022615043992473597,0.5645701831034589,0.0148002773424864,0.13089297900901856,1.8116953102095168,1.9778352206701943,0.00045290538447515514,0.6719658772051443,1
780.0,0.0022621715896724696,0.5647318771463519,0.014809883022537043,0.13098429745772638,1.8223936497775488,1.9788721047390363,0.00040981304600230947,0.6727461808486037,1
790.0,0.002262842771547388,0.564894589826562,0.014819491152632109,0.1310756392195484,1.8330487196312795,1.9798584058424482,0.0003708222159893969,0.6685038182543321,1
800.0,0.0022635179276617847,0.5650583169757063,0.014829101610575305,0.13116700313451335,1.8436602433173088,1.9807965913638481,0.000335541815171552,0.6647452190816099,1
810.0,0.0022641970407514538,0.5652230543996203,0.014838714280146027,0.13125838809937854,1.8542279698602988,1.9816890079341036,0.00030361862769823125,0.6665657739009784,1
820.0,0.002264880093505523,0.5653887978808014,0.014848329050809362,0.13134979306487177,1.8647516724386741,1.9825378874213102,0.0002747334443832455,0.6810613326367293,1
830.0,0.0022655670685745857,0.5655555431811576,0.014857945817381311,0.13144121703251554,1.8752311469003646,1.9833453536407957,0.0002485964377386899,0.6724219867066367,1
840.0,0.0022662579485747364,0.565723286043392,0.01486756447985525,0.13153265905297906,1.8856662109885611,1.984113425868474,0.00022494659997555834,0.6626949384393992,1
850.0,0.0022669527160954456,0.5658920221936651,0.014877184943079338,0.13162411822301667,1.8960567029026223,1.9848440253474444,0.00020354722617767348,0.6871386889683596,1
860.0,0.0022676513537045707,0.5660617473433044,0.014886807116544656,0.13171559368345656,1.9064024803549966,1.9855389795614133,0.00018418421130889396,0.6730033169920231,1
870.0,0.0022683538439535133,0.5662324571905605,0.014896430914168405,0.13180708461714263,1.9167034196033315,1.9862000266197417,0.0001666640378228984,0.6870079661910471,1
880.0,0.0022690601693833544,0.5664041474226914,0.014906056254038605,0.13189859024651107,1.9269594143123785,1.986828820408894,0.00015081103222126674,0.6692609428726415,1
890.0,0.0022697703125284475,0.5665768137171976,0.014915683058257993,0.13199010983210818,1.937170374857684,1.9874269337546364,0.00013646664043637217,0.6861748451788988,1
900.0,0.0022704842559216317,0.5667504517435956,0.014925311252724359,0.13208164267050554,1.9473362273488108,1.98799586284706,0.00012348730356814483,0.6649736967023804,1
910.0,0.0022712019820987635,0.5669250571649674,0.014934940766937785,0.13217318809247,1.9574569127694845,1.9885370311391581,0.0001117429631983632,0.6778730598902598,1
920.0,0.0022719234736019956,0.5671006256390906,0.014944571533856022,0.13226474546159123,1.9675323863365248,1.9890517922601039,0.00010111626522421236,0.6738199466023167,1
930.0,0.002272648712984621,0.5672771528200891,0.014954203489689791,0.13235631417233804,1.977562616586477,1.989541434154763,9.150077794212786e-05,0.6832606727535234,1
940.0,0.0022733776828141126,0.5674546343594836,0.014963836573767736,0.13244789364877668,1.9875475847764175,1.9900071818083616,8.280029997077772e-05,0.6770730941634281,1
950.0,0.00227411036567562,0.5676330659073939,0.014973470728383792,0.132539483343122,1.9974872842049685,1.9904502003304072,7.492786370927424e-05,0.686796337421905,1
960.0,0.002274846744175893,0.5678124431138822,0.01498310589862797,0.13263108273413096,2.007381719459656,1.990871598370407,6.780452714028085e-05,0.667965980179796,1
970.0,0.0022755868009454545,0.5679927616297157,0.014992742032284791,0.13272269132613868,2.0172309059673874,1.9912724301683171,6.135908664312126e-05,0.6697412495382933,1
980.0,0.002276330518642208,0.5681740171076021,0.015002379079676782,0.13281430864757274,2.027034869298428,1.9916536987151932,5.552699963835808e-05,0.6891046005377965,1
990.0,0.00227707787995401,0.5683562052030852,0.015012016993547476,0.13290593424984248,2.036793644647688,1.9920163581152488,5.024986812907036e-05,0.6846308693957605,1
1000.0,0.002277828867600995,0.5685393215753546,0.015021655728954461,0.13299756770632387,2.046507276360659,1.9923613157466857,4.5474949861357726e-05,0.6684416732678792,1
1010.0,0.002278583464338618,0.5687233618882962,0.015031295243134336,0.1330892086110775,2.056175817333898,1.9926894349876874,4.1154397208296026e-05,0.6685312120567759,1
1020.0,0.0022793416529594303,0.5689083218111178,0.015040935495417261,0.13318085657803738,2.065799328637444,1.9930015369426108,3.724499644016804e-05,0.6742712167931905,1
1030.0,0.0022801034162954407,0.5690941970191732,0.015050576447118331,0.1332725112399799,2.075377879033668,1.993298402634678,3.370765746505613e-05,0.6941773150681241,1
1040.0,0.002280868737220498,0.5692809831947896,0.015060218061428548,0.13336417224748887,2.0849115444940796,1.9935807752079457,3.0506914855782804e-05,0.6710380650178267,1
1050.0,0.002281637598651642,0.5694686760277542,0.015069860303345653,0.1334558392682987,2.0944004078948746,1.9938493613238695,2.7610782593178268e-05,0.6934846739596263,1
1060.0,0.002282409983551464,0.5696572712161344,0.015079503139565988,0.13354751198626824,2.1038445585377836,1.994104833345004,2.499024690333843e-05,0.6758044846941551,1
1070.0,0.0022831858749295057,0.5698467644667801,0.015089146538413482,0.13363919010070643,2.113244091837281,1.9943478307691098,2.261908949542082e-05,0.6783043423869455,1
1080.0,0.00228396525584345,0.5700371514957514,0.015098790469777405,0.13373087332578146,2.1225991090471292,1.9945789614858298,2.047372748141836e-05,0.6953976247682286,1
1090.0,0.002284748109402192,0.5702284280293816,0.015108434904975803,0.13382256138922433,2.1319097166538397,1.9947988045346814,1.8532554245854234e-05,0.6842194877232919,1
1100.0,0.0022855344187652994,0.5704205898041269,0.015118079816760941,0.1339142540323808,2.141176026406544,1.9950079099945777,1.6776254343804034e-05,0.6800433008871052,1
1110.0,0.0022863241671455797,0.570613632567457,0.015127725179202864,0.1340059510091057,2.1503981548006177,1.9952068013354503,1.5187282665990712e-05,0.6723068313991393,1
1120.0,0.002287117337811583,0.5708075520787274,0.015137370967575118,0.13409765208467847,2.159576222571065,1.9953959777258257,1.3749353383089284e-05,0.6811573552311059,1
1130.0,0.00228791391408394,0.5710023441079808,0.015147017158483208,0.13418935703702223,2.1687103552733413,1.9955759114388352,1.2448555573666853e-05,0.6824517576835595,1
1140.0,0.0022887138793436916,0.5711980044387727,0.015156663729521251,0.13428106565344483,2.1778006817505817,1.9957470547853369,1.1271338540142035e-05,0.6787612592520016,1
1150.0,0.0022895172170263995,0.5713945288662267,0.01516631065948817,0.13437277773269074,2.1868473351072923,1.995909835748557,1.0206123466133327e-05,0.6815214655457718,1
1160.0,0.0022903239106270086,0.5715919131986965,0.015175957928180614,0.13446449308297567,2.195850451787166,1.996064662165277,9.242245717326732e-06,0.6932986431823831,1
1170.0,0.0022911339437004094,0.5717901532579855,0.015185605516355316,0.134556211521629,2.2048101714096586,1.9962119224861936,8.36990978768534e-06,0.6792807650042446,1
1180.0,0.0022919472998598513,0.5719892448788444,0.015195253405776418,0.13464793287554325,2.213726636987164,1.9963519848201605,7.580608427569683e-06,0.6831556917470951,1
1190.0,0.002292763962781352,0.5721891839104831,0.015204901579025525,0.13473965697937074,2.2225999940797037,1.9964852007697866,6.866331950156916e-06,0.6799924313110548,1
1200.0,0.0022935839162010166,0.5723899662156998,0.015214550019592963,0.13483138367638992,2.231430391208519,1.996611903588765,6.2200519422860645e-06,0.6826483020454768,1
1210.0,0.0022944071439182532,0.5725915876719923,0.015224198711734659,0.13492311281714695,2.2402179792206827,1.9967324110716382,5.635276298055055e-06,0.6718098458369817,1
1220.0,0.0022952336297951737,0.5727940441713867,0.015233847640480882,0.13501484425953852,2.2489629113332112,1.9968470253774697,5.106147109900971e-06,0.6881332507547238,1
1230.0,0.002296063357756735,0.5729973316205152,0.015243496791615624,0.1351065778686162,2.257665343045862,1.9969560334460847,4.627441019223942e-06,0.6761140625902695,1
1240.0,0.0022968963117931665,0.5732014459414622,0.015253146151564614,0.1351983135155233,2.2663254316450527,1.9970597092594815,4.19423774006762e-06,0.6672604068998458,1
1250.0,0.0022977324759574386,0.5734063830709429,0.015262795707481406,0.13529005107831213,2.2749433365940748,1.9971583121035523,3.8023387022811667e-06,0.6939476211137777,1
1260.0,0.0022985718343689755,0.5736121389615828,0.015272445447083992,0.13538179044039306,2.2835192188070934,1.9972520898671247,3.4477084333956767e-06,0.6915109788995134,1
1270.0,0.0022994143712117307,0.5738187095812995,0.015282095358716843,0.1354735314911234,2.2920532409317054,1.9973412777892658,3.126796606948416e-06,0.6694746106736336,1
1280.0,0.002300260070734955,0.5740260909135919,0.015291745431305098,0.1355652741253726,2.3005455671489874,1.9974260993842847,2.8364423714524864e-06,0.6854375973984568,1
1290.0,0.002301108917254708,0.574234278958078,0.0153013956542792,0.13565701824280674,2.308996362841342,1.997506767963597,2.5736782742124157e-06,0.6844061278339971,1
1300.0,0.0023019608951521282,0.5744432697299415,0.015311046017629717,0.135748763748409,2.31740579484252,1.9975834855287171,2.335937649878752e-06,0.6916296898783355,1
1310.0,0.0023028159888758624,0.5746530592607816,0.015320696511794353,0.135840510551407,2.3257740309373998,1.997656445052938,2.1208102056938544e-06,0.6810343397872979,1
1320.0,0.0023036741829406517,0.5748636435981649,0.015330347127700561,0.13593225856567748,2.3341012400572763,1.9977258296206628,1.926160289817098e-06,0.6972255287887106,1
1330.0,0.002304535461928208,0.57507501880595,0.015339997856715309,0.13602400770926934,2.3423875920602177,1.9977918134418167,1.750049256070252e-06,0.6867506194975918,1
1340.0,0.002305399810487503,0.5752871809644156,0.015349648690618669,0.1361157579041529,2.350633257617819,1.9978545623852635,1.5907095169782708e-06,0.6790383863798809,1
1350.0,0.002306267213333418,0.5755001261698308,0.015359299621644678,0.13620750907660784,2.35883840840246,1.9979142331534732,1.4466450975431498e-06,0.6823767230003683,1
1360.0,0.002307137655249999,0.5757138505355892,0.01536895064233293,0.13629926115581442,2.367003216429304,1.9979709762796407,1.3163571515621964e-06,0.6926504675235348,1
1370.0,0.002308011121088908,0.5759283501917112,0.015378601745577751,0.13639101407432022,2.375127854280664,1.9980249351343875,1.198466196451153e-06,0.6804563021394694,1
1380.0,0.0023088875957683074,0.5761436212844959,0.015388252924659578,0.1364827677683381,2.3832124952507385,1.9980762452923844,1.091801582008604e-06,0.6787788690117507,1
1390.0,0.002309767064270912,0.5763596599758906,0.015397904173310587,0.13657452217836896,2.3912573136433886,1.9981250332067864,9.955606860283213e-07,0.7025014232362955,1
1400.0,0.002310649511653128,0.576576462446616,0.015407555485323954,0.13666627724549296,2.3992624830323357,1.9981714240998059,9.085301040078615e-07,0.6847831215031948,1
1410.0,0.002311534923037949,0.5767940248937876,0.015417206854831797,0.13675803291400765,2.4072281775067847,1.9982155363499798,8.29681186834384e-07,0.6795169027597673,1
1420.0,0.0023124232836133746,0.5770123435304095,0.015426858276356255,0.13684978913191284,2.4151545719039627,1.9982574804607316,7.582769168288524e-07,0.6880657926596555,1
1430.0,0.002313314578631676,0.5772314145851523,0.015436509744825484,0.13694154585106263,2.4230418418851807,1.9982973587373984,6.939231626247591e-07,0.686944754653699,1
1440.0,0.0023142087934207712,0.5774512343062416,0.01544616125508886,0.13703330302256322,2.430890161776807,1.9983352750767855,6.356619747551407e-07,0.6956087315298893,1
1450.0,0.00231510591337389,0.5776717989579813,0.01545581280232971,0.13712506060069096,2.438699706417011,1.9983713266328398,5.827817559480687e-07,0.6784932146414755,1
1460.0,0.0023160059239486237,0.5778931048204563,0.015465464382091895,0.13721681854314455,2.4464706512785077,1.9984056032798982,5.348422050920307e-07,0.6766360920948983,1
1470.0,0.0023169088106684207,0.5781151481900713,0.015475115990202779,0.13730857681031403,2.4542031721296835,1.9984381891679557,4.915637258931665e-07,0.7064304104560114,1
1480.0,0.002317814559129645,0.5783379253819781,0.015484767622464042,0.13740033536234547,2.4618974436602556,1.9984691689664222,4.523375836011379e-07,0.6771064410410731,1
1490.0,0.0023187231549939465,0.578561432727512,0.015494419274955826,0.1374920941620284,2.4695536408423346,1.998498621722245,4.16737935906506e-07,0.6881385467266043,1
1500.0,0.0023196345839880273,0.578785666574133,0.01550407094403553,0.13758385317478422,2.477171938928571,1.9985266208843584,3.8446969424817817e-07,0.6942276672295473,1
1510.0,0.002320548831905567,0.5790106232861154,0.015513722626240201,0.1376756123677396,2.484752513022298,1.9985532362747,3.552756258739015e-07,0.6909006045187466,1
1520.0,0.0023214658846093827,0.5792362992453169,0.015523374318178972,0.13776737170870554,2.4922955376034177,1.9985785362600645,3.288333279431402e-07,0.7055350794781465,1
1530.0,0.0023223857280281674,0.57946269085009,0.015533026016659277,0.13785913116737553,2.499801187094458,1.9986025852035665,3.0489024227537147e-07,0.6938899059085728,1
1540.0,0.002323308348156077,0.5796897945151599,0.01554267771869439,0.13795089071539698,2.507269635897297,1.9986254433123711,2.832275647955844e-07,0.6903852884844219,1
1550.0,0.0023242337310541645,0.5799176066721561,0.015552329421422376,0.13804265032560184,2.51470105803844,1.9986471682743416,2.6364055232839175e-07,0.6917295102383746,1
1560.0,0.002325161862850606,0.580146123769719,0.015561981122081058,0.1381344099717691,2.5220956270624044,1.9986678157634588,2.4593058609069996e-07,0.684764989038355,1
1570.0,0.002326092729739492,0.5803753422731083,0.015571632818049148,0.13822616962901516,2.5294535162181075,1.9986874386092752,2.299111196903729e-07,0.7030500326706018,1
1580.0,0.002327026317977233,0.5806052586629771,0.015581284506998336,0.1383179292752375,2.536774899136495,1.9987060837259354,2.1553753798279366e-07,0.6959111233266886,1
1590.0,0.002327962613888956,0.5808358694376348,0.015590936186581918,0.13840968888815908,2.5440599484560655,1.9987237983994477,2.026706954467053e-07,0.6926973185202722,1
1600.0,0.002328901603866542,0.5810671711123909,0.015600587854511216,0.13850144844605358,2.551308836165455,1.9987406287446627,1.9113853845442732e-07,0.6969099610061305,1
1610.0,0.002329843274366872,0.581299160218973,0.015610239508622073,0.13859320792837684,2.5585217339020967,1.9987566183625538,1.8079010238839192e-07,0.6920409870145937,1
1620.0,0.0023307876119125883,0.5815318333058209,0.01561989114682497,0.13868496731529312,2.5656988127355733,1.998771809347481,1.714600495372808e-07,0.679528445278643,1
1630.0,0.0023317346030920214,0.5817651869380908,0.01562954276709371,0.13877672658756787,2.5728402431217625,1.9987862425155427,1.6296285865971922e-07,0.6917657263070204,1
1640.0,0.0023326842345591154,0.5819992176976588,0.01563919436745413,0.13886848572646038,2.579946194856989,1.998799957632926,1.5508701454796995e-07,0.6881830937814339,1
1650.0,0.0023336364930090876,0.5822339221746531,0.015648845947096826,0.1389602447242865,2.5870168420098376,1.99881297094653,1.4854129079588709e-07,0.6987128427646985,1
1660.0,0.002334591365231202,0.5824692969859062,0.01565849750391816,0.13905200356107664,2.5940523520362158,1.9988253248376682,1.428757125142571e-07,0.6898685873812951,1
1670.0,0.0023355488380731406,0.5827053387625473,0.01566814903615577,0.1391437622201006,2.601052893025996,1.998837054797254,1.3787060407616462e-07,0.7043878795057021,1
1680.0,0.0023365088984447324,0.582942044151332,0.01567780054220118,0.13923552068608913,2.6080186328775588,1.9988481932090927,1.3338166092322463e-07,0.684636414978784,1
1690.0,0.002337471533320331,0.5831794098155032,0.01568745202047495,0.13932727894404856,2.6149497387491145,1.9988587718710982,1.2923796113371672e-07,0.6970707074546247,1
1700.0,0.002338436729738714,0.5834174324347848,0.01569710346941667,0.1394190369791658,2.6218463770185445,1.998868822197699,1.2523724331856756e-07,0.6840434978169987,1
1710.0,0.0023394044748028756,0.5836561087053377,0.015706754887480034,0.13951079477676173,2.628708713265883,1.9988783753188601,1.211450225953015e-07,0.6950077849989349,1
1720.0,0.002340374755633362,0.5838954353234194,0.015716406275319363,0.13960255234304678,2.6355369219485927,1.998887417928362,1.1833650109787321e-07,0.7058231737547588,1
1730.0,0.0023413475594799104,0.5841354090245792,0.01572605763050831,0.13969430965498794,2.6423311630462094,1.998895998927714,1.1584023933827673e-07,0.7034310707874263,1
1740.0,0.0023423228736297237,0.5843760265515073,0.015735708951852223,0.13978606670124422,2.649091601138426,1.9989041423474982,1.135737152744095e-07,0.6915814649396786,1
1750.0,0.002343300685432696,0.5846172846629153,0.01574536023818335,0.1398778234707299,2.655818400080333,1.9989118716757246,1.1144293414194999e-07,0.6872348677617415,1
1760.0,0.0023442809823012362,0.5848591801335036,0.015755011488354342,0.13996957995255302,2.6625117229779165,1.9989192099887416,1.0934036058003936e-07,0.6890436596197347,1
1770.0,0.0023452637517100954,0.585101709753929,0.01576466270123179,0.1400613361359538,2.6691717321635604,1.9989261800821465,1.0714285075696308e-07,0.6904803821324168,1
1780.0,0.002346248981192546,0.5853448703294776,0.015774313875870694,0.1401530920119612,2.6757985899694012,1.998932800947294,1.048147057131459e-07,0.6964866373636089,1
1790.0,0.0023472366583157205,0.5855886586713169,0.015783965012725457,0.1402448475848881,2.682392464070206,1.9989390633180795,1.031127814744018e-07,0.6910883880727103,1
1800.0,0.002348226770752817,0.5858330716222243,0.015793616110044942,0.14033660283811092,2.6889535115945202,1.9989450024651394,1.0149421558474345e-07,0.6916085488931081,1
1810.0,0.0023492193062196617,0.5860781060340403,0.015803267167011047,0.14042835776386314,2.695481892965641,1.998950634818929,9.994120230156763e-08,0.705896269025215,1
1820.0,0.002350214252492567,0.5863237587740553,0.015812918182835527,0.14052011235466164,2.7019777679239065,1.998955976207457,9.843807046953597e-08,0.708552472166431,1
1830.0,0.0023512115974080993,0.5865700267249563,0.015822569156756564,0.14061186660327404,2.7084412955156245,1.9989610419257118,9.697098426279753e-08,0.6884609414552575,1
1840.0,0.0023522113288628383,0.5868169067847725,0.01583222008803531,0.14070362050268626,2.714872634081994,1.9989658468050893,9.552764392721132e-08,0.7028836906039007,1
1850.0,0.0023532134348107684,0.5870643958659122,0.01584187097610277,0.1407953740474963,2.721271941901986,1.998970402247801,9.412044499921231e-08,0.7032552916165655,1
1860.0,0.0023542179032593137,0.5873124908936808,0.01585152182079253,0.1408871272361238,2.727639378208791,1.9989747115275378,9.282303812568926e-08,0.697018267043039,1
1870.0,0.002355224722286992,0.5875611888130818,0.015861172621203994,0.14097888006001907,2.7339750982478312,1.998978792743374,9.159314945499744e-08,0.6998343474996255,1
1880.0,0.0023562338800259585,0.587810486582166,0.015870823376789637,0.1410706325139841,2.7402792580111646,1.9989826568653244,9.04425098579505e-08,0.7063132501184267,1
1890.0,0.0023572453646668874,0.5880603811739371,0.01588047408702746,0.14116238459306313,2.746552012816224,1.9989863143484545,8.938597003653638e-08,0.7013247050206658,1
1900.0,0.0023582591644587137,0.5883108695762914,0.015890124751418787,0.14125413629252176,2.7527935173001112,1.9989897751774062,8.844139373199658e-08,0.7007432125933404,1
1910.0,0.0023592752677083773,0.5885619487919559,0.015899775369486054,0.14134588760782607,2.759003925413884,1.998993048910924,8.762955093290562e-08,0.695311785750699,1
1920.0,0.0023602936627811354,0.5888136158384865,0.0159094259408139,0.1414376385350325,2.765183390588495,1.9989961438522492,8.691671184173729e-08,0.7021360157234299,1
1930.0,0.002361314338100205,0.5890658677481958,0.015919076465039244,0.14152938907069398,2.771332065698542,1.9989990672491569,8.622473378470648e-08,0.7014446394196434,1
1940.0,0.0023623372821446,0.5893187015678931,0.015928726941704035,0.14162113921046174,2.77745010248134,1.9990018282678628,8.56229750093903e-08,0.7030891243182923,1
1950.0,0.002363362483451048,0.58957211435905,0.01593837737041842,0.1417128889506344,2.783537652187018,1.9990044346977607,8.510926515740203e-08,0.7041326233851867,1
1960.0,0.0023643899306130464,0.5898261031976668,0.01594802775080634,0.14180463828764153,2.789594865365769,1.9990068940503416,8.46789137455047e-08,0.7049045829885672,1
1970.0,0.0023654196122806113,0.5900806651742125,0.015957678082503535,0.14189638721802478,2.7956218918630444,1.999009213599091,8.432430002449046e-08,0.7170940554121793,1
1980.0,0.0023664515171600235,0.5903357973935625,0.015967328365155582,0.14198813573841906,2.8016188808147553,1.999011400419387,8.403446283806e-08,0.6997251776641283,1
1990.0,0.002367485634013544,0.5905914969747439,0.015976978598509373,0.14207988384642123,2.8075859810298613,1.9990134595410287,8.382275920285547e-08,0.7024989340064922,1
2000.0,0.002368521951659192,0.5908477610510803,0.015986628782312134,0.14217163153963108,2.813523340575106,1.9990153959879093,8.369671377354596e-08,0.7019272575122961,1
2010.0,0.002369560458970531,0.5911045867703718,0.015996278916193638,0.14226337881453358,2.81943110629035,1.9990172171558285,8.362283959230136e-08,0.7037782391414728,1
2020.0,0.002370601144876349,0.5913619712944281,0.01600592899985933,0.14235512566833208,2.825309424592376,1.9990189289128493,8.358481624226235e-08,0.7150805853980687,1
2030.0,0.0023716439983604305,0.5916199117991483,0.01601557903302045,0.14244687209828483,2.8311584411885784,1.9990205370107188,8.356268261765857e-08,0.7107796678314866,1
2040.0,0.002372689008461301,0.5918784054744597,0.016025229015392398,0.1425386181016896,2.8369783010736436,1.9990220471175253,8.353253448193054e-08,0.6897071335533952,1
2050.0,0.0023737361642719727,0.5921374495242554,0.01603487894669311,0.14263036367586837,2.842769148526241,1.9990234648503542,8.34662220258516e-08,0.7095549707347313,1
2060.0,0.002374785454937584,0.5923970411653574,0.016044528826858792,0.14272210882021477,2.8485311280335934,1.9990247914198132,8.344928333289086e-08,0.7182344824900053,1
2070.0,0.002375836869658501,0.5926571776290075,0.016054178655696368,0.14281385353289555,2.8542643828113423,1.9990260306467993,8.349245873441224e-08,0.7127529436774046,1
2080.0,0.0023768903976899873,0.5929178561607693,0.01606382843288993,0.14290559781091125,2.85996905483444,1.9990271888333886,8.3535747083186e-08,0.7144727108248563,1
2090.0,0.0023779460283397556,0.593179074019452,0.016073478158225133,0.14299734165222652,2.8656452857989643,1.9990282702312419,8.357108467513465e-08,0.6982571449991167,1
2100.0,0.0023790037509686356,0.5934408284774747,0.01608312783149263,0.1430890850548536,2.8712932167134584,1.999029278991203,8.359039180234587e-08,0.7002120576453542,1
2110.0,0.002380063554990316,0.5937031168208013,0.016092777452487134,0.14318082801684306,2.876912987898366,1.9990302191829437,8.358562089444938e-08,0.7032982221431867,1
2120.0,0.0023811254298710814,0.5939659363488765,0.01610242702100641,0.1432725705362746,2.88250473898547,1.9990310948146095,8.354880465999373e-08,0.7011452294831153,1
2130.0,0.0023821893650429796,0.5942292843520145,0.016112076537023776,0.1433643126128944,2.888068610789935,1.999031906349324,8.356627154048877e-08,0.7123422505152079,1
2140.0,0.0023832553501030563,0.5944931581631527,0.016121726000354674,0.14345605424494978,2.8936047412730854,1.999032657439487,8.361226047614116e-08,0.7231468399090653,1
2150.0,0.0023843233747001323,0.5947575551285186,0.016131375410807607,0.14354779543062243,2.8991132676771194,1.9990333518779753,8.366015540820786e-08,0.7130789798567733,1
2160.0,0.002385393428513124,0.5950224726019532,0.016141024768242362,0.14363953616858074,2.9045943270552743,1.999033992422276,8.370838816551274e-08,0.701647343029693,1
2170.0,0.0023864655012749694,0.5952879079511312,0.01615067407252789,0.14373127645758005,2.9100480557783595,1.9990345816454114,8.375532654271142e-08,0.7214925936495259,1
2180.0,0.0023875395827726268,0.5955538585575606,0.016160323323542294,0.14382301629646266,2.915474589534756,1.9990351219359388,8.379927430029131e-08,0.6998870569335383,1
2190.0,0.002388615662847075,0.5958203218165822,0.01616997252117283,0.14391475568415774,2.920874063330418,1.9990356154979503,8.383847116457166e-08,0.6998985040945621,1
2200.0,0.002389693731393315,0.59608729513737,0.016179621665315915,0.1440064946196814,2.926246611488872,1.999036064351073,8.387109282770344e-08,0.7140480608363597,1
2210.0,0.0023907737783603663,0.5963547759429316,0.01618927075587712,0.14409823310213668,2.931592367651217,1.9990364703304695,8.389525094766945e-08,0.705246654722655,1
2220.0,0.0023918557937512705,0.5966227616701072,0.016198919792771174,0.14418997113071352,2.9369114647761223,1.999036835086837,8.390899314828426e-08,0.7261226220255932,1
2230.0,0.0023929397674291105,0.5968912497201235,0.016208568775776408,0.14428170870330706,2.942204037123787,1.9990371630240515,8.392622874902372e-08,0.7135294742378464,1
2240.0,0.0023940256892628995,0.5971602374957813,0.016218217704644218,0.14437344581755684,2.9474702187638266,1.9990374590898037,8.396475122909394e-08,0.711444255019387,1
2250.0,0.002395113549646512,0.5974297225337365,0.016227866579488468,0.14446518247454307,2.952710138267843,1.9990377209168695,8.400363401225559e-08,0.7144572567020953,1
2260.0,0.002396203338769332,0.5976997023185813,0.016237515400238187,0.14455691867359152,2.9579239261689643,1.9990379498684683,8.404311022247342e-08,0.7231687842955596,1
2270.0,0.002397295046873172,0.5979701743483348,0.016247164166830384,0.14464865441410354,2.963111712334187,1.999038147147484,8.408347976358442e-08,0.7024027940264715,1
2280.0,0.002398388664252271,0.5982411361344433,0.016256812879210013,0.14474038969555608,2.968273625964376,1.9990383137964658,8.412510931929778e-08,0.7092998995374937,1
2290.0,0.0023994841812532957,0.5985125852017801,0.016266461537329996,0.14483212451750163,2.973409795594265,1.9990384506976269,8.416843235319491e-08,0.7230000651408419,1
2300.0,0.0024005815882753405,0.5987845190886454,0.016276110141151212,0.14492385887956818,2.9785203490924568,1.999038558572846,8.421394910872944e-08,0.7057920489574683,1
2310.0,0.0024016808757699264,0.5990569353467664,0.016285758690642502,0.1450155927814594,2.983605413661422,1.9990386379836667,8.426222660922719e-08,0.7047907710403455,1
2320.0,0.002402782034241003,0.5993298315412975,0.01629540718578067,0.1451073262229545,2.9886651158374997,1.999038689331297,8.431389865788624e-08,0.7147756396593128,1
2330.0,0.0024038850542299935,0.5996032052470168,0.016305055626534982,0.14519905920376106,2.9936995816261183,1.9990387131694074,8.436949368223879e-08,0.704066993808821,1
2340.0,0.00240498992550115,0.5998770538411322,0.016314704012022875,0.1452907917155007,2.998708943868978,1.9990387272462078,8.442005521542582e-08,0.7200330099415158,1
2350.0,0.0024060966392728655,0.6001513750707859,0.01632435234282247,0.14538252376366068,3.003693322065382,1.999038719826306,8.447283233821556e-08,0.7151654262145758,1
2360.0,0.00240720518621391,0.6004261665434231,0.01633400061889589,0.14547425534788086,3.008652840493089,1.999038691608615,8.452820914720419e-08,0.7174673250453527,1
2370.0,0.002408315557042852,0.6007014258792477,0.0163436488402105,0.14556598646785082,3.0135876227875054,1.9990386431867249,8.458660624102096e-08,0.7237805368568004,1
2380.0,0.002409427742528056,0.6009771507112216,0.016353297006738887,0.14565771712330974,3.018497791941688,1.9990385750489048,8.464848072032821e-08,0.7208548807162648,1
2390.0,0.002410541733487685,0.6012533386850649,0.01636294511845888,0.14574944731404663,3.023383470306346,1.9990384875781013,8.471432618782133e-08,0.7179647206353176,1
2400.0,0.0024116575207897,0.6015299874592559,0.016372593175353545,0.14584117703990007,3.0282447795898366,1.9990383810519392,8.478467274822883e-08,0.7178065254245843,1
2410.0,0.00241277509535186,0.6018070947050308,0.016382241177411185,0.14593290630075842,3.0330818408581695,1.999038255642721,8.486008700831226e-08,0.7125579232928917,1
2420.0,0.0024138944481417197,0.6020846581063843,0.01639188912462533,0.1460246350965597,3.037894774535003,1.9990381114174278,8.494117207686629e-08,0.7076219294219575,1
2430.0,0.0024150155701766337,0.6023626753600692,0.016401537016994754,0.14611636342729165,3.042683700401647,1.9990379483377185,8.502856756471864e-08,0.7261289274267316,1
2440.0,0.0024161384514094523,0.6026411438916853,0.01641118485362025,0.14620809128441778,3.047448748716009,1.9990377844894096,8.510718631468774e-08,0.7202770002527822,1
2450.0,0.00241726308307804,0.6029200614543093,0.016420832634609063,0.14629981866895558,3.0521900367681583,1.9990376176454,8.517945144484425e-08,0.7088891164351221,1
2460.0,0.002418389456812832,0.6031994259011114,0.016430480360351527,0.14639154558460973,3.056907677785476,1.9990374398656234,8.525267157716072e-08,0.7113699278779213,1
2470.0,0.002419517563784263,0.6034792349681287,0.01644012803082997,0.14648327203121192,3.0616017894399734,1.9990372514447863,8.53269800471461e-08,0.6988324351003974,1
2480.0,0.002420647395212283,0.6037594864040848,0.016449775646031742,0.14657499800864138,3.0662724887641275,1.9990370525768837,8.540254270488841e-08,0.7354648250014346,1
2490.0,0.002421778942366359,0.6040401779703897,0.01645942320594919,0.14666672351682494,3.0709198921508762,1.9990368433552006,8.547955791505469e-08,0.7095595405462164,1
2500.0,0.002422912196565472,0.6043213074411393,0.01646907071057967,0.14675844855573691,3.075544115353621,1.9990366237723114,8.555825655689102e-08,0.7265283170350318,1
2510.0,0.0024240471491781194,0.6046028726031166,0.016478718159925552,0.14685017312539908,3.080145273486228,1.999036393720079,8.563890202422259e-08,0.7119547638670765,1
2520.0,0.0024251837916223155,0.6048848712557903,0.0164883655539942,0.14694189722588089,3.0847234810230235,1.9990361529896565,8.572179022545359e-08,0.7236780406491548,1
2530.0,0.0024263221153655885,0.6051673012113159,0.01649801289279799,0.14703362085729915,3.0892788517987992,1.9990359012714862,8.580724958356729e-08,0.7181950430097731,1
2540.0,0.0024274621119249836,0.6054501602945348,0.016507660176354313,0.14712534401981833,3.093811499008809,1.9990356381552992,8.589564103612598e-08,0.7085031031304171,1
2550.0,0.0024286037728670617,0.6057334463429753,0.016517307404685554,0.14721706671365037,3.098321535208769,1.9990353631301165,8.598735803527102e-08,0.7133953605059585,1
2560.0,0.002429747089807899,0.6060171572068517,0.016526954577819115,0.14730878893905477,3.1028090723148605,1.9990350755842485,8.608282654772283e-08,0.7200714113417417,1
2570.0,0.002430892054413088,0.6063012907490646,0.016536601695787398,0.1474005106963385,3.1072742216037255,1.9990347748052941,8.618250505478087e-08,0.7216326643548475,1
2580.0,0.002432038658397736,0.6065858448452011,0.016546248758627816,0.14749223198585612,3.1117170937124703,1.9990344599801426,8.628688455232364e-08,0.7313098310590628,1
2590.0,0.002433186893526468,0.6068708173835347,0.016555895766382785,0.1475839528080097,3.1161377986386634,1.999034130194972,8.63964885508087e-08,0.715609890267416,1
2600.0,0.0024343367509660416,0.6071562060998325,0.016565542718698624,0.1476756731594412,3.120536452712073,1.9990337925295976,8.650787613935203e-08,0.7189835824093653,1
2610.0,0.002435488219243649,0.6074420080563724,0.016575189613560536,0.14776739302102426,3.1249132005820215,1.9990334875853142,8.660103650519353e-08,0.728927734334472,1
2620.0,0.0024366412932404617,0.6077282219368343,0.016584836452864897,0.14785911241075989,3.1292681183646596,1.9990331770365954,8.669491516577244e-08,0.7345730170545421,1
2630.0,0.0024377959648230036,0.6080148456556985,0.016594483236614565,0.1479508313286747,3.133601314535013,1.9990328607691379,8.678957197173277e-08,0.7398266928248087,1
2640.0,0.002438952225903962,0.6083018771392772,0.016604129964815337,0.14804254977482306,3.137912896964652,1.9990325386098202,8.688507860224759e-08,0.7243262472891272,1
2650.0,0.002440110068442191,0.6085893143257136,0.01661377663747594,0.14813426774928723,3.1422029729216927,1.999032210326702,8.698151856501897e-08,0.720909141063379,1
2660.0,0.0024412694844427076,0.6088771551649826,0.016623423254608024,0.14822598525217726,3.1464716490707967,1.9990318756290242,8.707898719627804e-08,0.7162327122878628,1
2670.0,0.0024424304659566966,0.6091653976188902,0.016633069816226184,0.14831770228363098,3.15071903147317,1.9990315341672098,8.717759166078497e-08,0.7189903544129541,1
2680.0,0.0024435930050815072,0.6094540396610741,0.01664271632234793,0.1484094188438141,3.1549452255865633,1.9990311855328626,8.727745095182897e-08,0.7201016591499796,1
2690.0,0.002444757093960653,0.6097430792770032,0.016652362772993718,0.14850113493292014,3.159150336265273,1.9990308292587686,8.73786958912283e-08,0.7255759894453895,1
2700.0,0.0024459227247838147,0.6100325144639778,0.01666200916818692,0.14859285055117044,3.1633344677601407,1.9990304648188943,8.748146912933024e-08,0.7236752971153435,1
2710.0,0.002447089889786836,0.6103223432311297,0.016671655507953853,0.14868456569881414,3.167497723718553,1.9990300916283883,8.758592514501112e-08,0.7185065072487963,1
2720.0,0.0024482585812517278,0.6106125635994221,0.016681301792323758,0.1487762803761282,3.171640207184441,1.9990297090435805,8.76922302456763e-08,0.7341806202232238,1
2730.0,0.002449428791506665,0.6109031736016495,0.016690948021328804,0.14886799458341748,3.175762020598282,1.9990293163619823,8.78005625672602e-08,0.7275510938171432,1
2740.0,0.0024506005129259884,0.6111941712824379,0.016700594195004095,0.14895970832101454,3.179863265797097,1.9990289128222865,8.791111207422625e-08,0.7312913531016626,1
2750.0,0.0024517737379302043,0.6114855546982447,0.016710240313387668,0.14905142158927986,3.183944044014453,1.9990284976043673,8.802408055956695e-08,0.7193506147049566,1
2760.0,0.0024529484589859837,0.6117773219173586,0.016719886376520485,0.14914313438860172,3.188004455880462,1.9990280698292804,8.813968164480383e-08,0.7078978268092233,1
2770.0,0.00245412466505392,0.6120694701122081,0.016729532382876684,0.149234846704495,3.192044642289652,1.999027660228833,8.82498156509795e-08,0.7235232671507985,1
2780.0,0.0024553023494460193,0.6123619975671571,0.01673917833283585,0.14932655854056234,3.196064694002059,1.9990272610931332,8.835648461623832e-08,0.7103122432247527,1
2790.0,0.00245648150626981,0.6126549027698818,0.016748824227111644,0.1494182699035777,3.2000646925530467,1.9990268579726638,8.84634586223256e-08,0.730338531628611,1
2800.0,0.002457662128057141,0.6129481838054653,0.016758470065703957,0.14950998079353944,3.204044737533535,1.9990264508184419,8.857071858136332e-08,0.7503756042441625,1
2810.0,0.002458844207381587,0.6132418387696877,0.01676811584861364,0.14960169121045508,3.2080049279820804,1.9990260395622566,8.867824682669766e-08,0.7293358284493311,1
2820.0,0.0024600277368584467,0.6135358657690256,0.01677776157584252,0.14969340115434132,3.211945362384872,1.9990256241166686,8.878602711289904e-08,0.7230622876380794,1
2830.0,0.002461212709144742,0.6138302629206526,0.016787407247393395,0.1497851106252241,3.215866138675735,1.9990252043750105,8.889404461576208e-08,0.7363192821570425,1
2840.0,0.002462399116939221,0.6141250283524384,0.01679705286327002,0.14987681962313854,3.219767354236127,1.999024780211387,8.90022859323056e-08,0.7317076157253676,1
2850.0,0.0024635869529823556,0.6144201602029501,0.016806698423477134,0.14996852814812892,3.223649105895142,1.999024351480674,8.911073908077268e-08,0.7317689747869086,1
2860.0,0.002464776210056343,0.614715656621451,0.016816343928020432,0.15006023620024878,3.2275114899295065,1.9990239180185194,8.921939350063057e-08,0.7247822282416212,1
2870.0,0.0024659668809851043,0.6150115157679011,0.01682598937690658,0.1501519437795608,3.231354602063582,1.9990234796413435,8.932824005257077e-08,0.7369368622543009,1
2880.0,0.002467158958634285,0.6153077358129575,0.016835634770143215,0.15024365088613684,3.235178537469365,1.9990230361463377,8.943727101850897e-08,0.7293783803608797,1
2890.0,0.0024683524359112564,0.6156043149379734,0.016845280107738947,0.150335357520058,3.2389833907664847,1.9990225873114655,8.954648010158508e-08,0.7315475016954638,1
2900.0,0.0024695473057651128,0.6159012513349993,0.016854925389703342,0.1504270636814146,3.242769256022206,1.9990221328954623,8.965586242616325e-08,0.7475072583020875,1
2910.0,0.0024707435611866745,0.6161985432067818,0.01686457061604695,0.15051876937030603,3.2465362267514277,1.999021672637835,8.97654145378318e-08,0.7307591349744691,1
2920.0,0.0024719411952084853,0.6164961887667647,0.016874215786781274,0.15061047458684101,3.2502843959166827,1.9990212062588624,8.987513440340333e-08,0.726044705161323,1
2930.0,0.002473140200157391,0.6167941860477641,0.01688386090175734,0.1507021793296047,3.254013865226135,1.9990207367139583,8.998484032371023e-08,0.7212377883332778,1
2940.0,0.0024743405655813008,0.6170925323712645,0.016893505960217818,0.15079388359140752,3.2577247709248156,1.999020279220781,9.009366862506648e-08,0.7253271293778006,1
2950.0,0.0024755422878625253,0.6173912268082254,0.0169031509628737,0.15088558737899802,3.261417164203996,1.9990198194016908,9.020240279896205e-08,0.7419118464989187,1
2960.0,0.002476745360097267,0.6176902675884501,0.01691279590971807,0.1509772906923099,3.2650911371010527,1.99901935734957,9.031102148403059e-08,0.7178946295509342,1
2970.0,0.002477949775419545,0.617989652951438,0.01692244080074413,0.15106899353127812,3.2687467811496247,1.9990188931550934,9.041950379305137e-08,0.7216189558283725,1
2980.0,0.002479155527001194,0.6182893811463844,0.016932085635945216,0.15116069589583875,3.2723841873796142,1.9990184269067266,9.052782931294926e-08,0.7351896913379699,1
2990.0,0.0024803626080518626,0.6185894504321808,0.01694173041531478,0.15125239778592905,3.2760034463171857,1.9990179586907284,9.063597810479468e-08,0.7530900609888451,1
3000.0,0.0024815710118190177,0.6188898590774149,0.016951375138846404,0.1513440992014875,3.279604647984765,1.9990174885911487,9.074393070380369e-08,0.7481154406375858,1
3010.0,0.002482780731587939,0.6191906053603701,0.01696101980653379,0.1514358001424537,3.283187881901042,1.99901701668983,9.085166811933791e-08,0.7388102405310359,1
3020.0,0.0024839917606817243,0.6194916875690262,0.01697066441837076,0.15152750060876846,3.286753237080968,1.9990165430664066,9.09591718349046e-08,0.7225203413891886,1
3030.0,0.0024852040924612847,0.6197931040010588,0.016980308974351276,0.1516192006003738,3.2903008020357567,1.9990160677983047,9.106642380815657e-08,0.7375603340792685,1
3040.0,0.002486417720325349,0.6200948529638399,0.016989953474469407,0.15171090011721283,3.293830664772885,1.9990155909607423,9.117340647089224e-08,0.7283999312597074,1
3050.0,0.00248763263771046,0.6203969327744374,0.016999597918719352,0.15180259915922992,3.297342912796092,1.9990151126267302,9.128010272905561e-08,0.7186285037842702,1
3060.0,0.0024888488380909774,0.6206993417596153,0.01700924230709544,0.15189429772637056,3.3008376331053784,1.9990146328670702,9.138649596273632e-08,0.7275844570313309,1
3070.0,0.0024900663149790745,0.6210020782558334,0.017018886639592116,0.15198599581858147,3.304314912197008,1.9990141517503566,9.149257002616955e-08,0.7183190415537889,1
3080.0,0.0024912850619247424,0.6213051406092482,0.01702853091620395,0.15207769343581054,3.307774836063508,1.9990136693429759,9.15983092477361e-08,0.736235893326759,1
3090.0,0.002492505072515787,0.6216085271757116,0.017038175136925644,0.15216939057800677,3.3112174901936657,1.999013185709106,9.170369842996237e-08,0.7286311267691253,1
3100.0,0.0024937263378714313,0.6219122356781818,0.017047819301713594,0.15226108724475576,3.3146429928349903,1.9990127016666839,9.18094100332945e-08,0.7390119297802066,1
3110.0,0.0024949488522408806,0.6222162646420822,0.017057463410571728,0.15235278343609415,3.3180514206950478,1.9990122170987954,9.191526920728135e-08,0.7378808891524689,1
3120.0,0.0024961726103429026,0.622520612713224,0.01706710746351071,0.15244447915212253,3.321442844247952,1.999011731756097,9.202098320291166e-08,0.745368143548907,1
3130.0,0.002497397605833399,0.6228252782649211,0.017076751460524456,0.1525361743927826,3.3248173480712504,1.9990112457190192,9.212656152128268e-08,0.7497670163426714,1
3140.0,0.002498623832402996,0.6231302596793916,0.01708639540160696,0.15262786915801674,3.328175016279758,1.9990107590667165,9.223201498481923e-08,0.7416392675323434,1
3150.0,0.002499851283777047,0.6234355553477576,0.0170960392867523,0.15271956344776805,3.3315159325255603,1.999010271877068,9.233735573727372e-08,0.7418420559330157,1
3160.0,0.0025010799537156297,0.6237411636700448,0.017105683115954614,0.15281125726198042,3.3348401799980127,1.9990097842266754,9.244259724372614e-08,0.7400977558320392,1
3170.0,0.0025023098360135486,0.6240470830551827,0.01711532688920813,0.1529029506005984,3.3381478414237384,1.9990092961908654,9.254775429058402e-08,0.7416786552549525,1
3180.0,0.0025035409245003325,0.6243533119210051,0.017124970606507153,0.15299464346356728,3.3414389990666318,1.9990088078436887,9.265284298558251e-08,0.7367934252148627,1
3190.0,0.0025047732130402366,0.624659848694249,0.01713461426784606,0.15308633585083312,3.344713734727856,1.9990083192579193,9.275788075778428e-08,0.7317770009579515,1
3200.0,0.0025060066955322415,0.6249666918105559,0.017144257873219305,0.15317802776234268,3.347972129745843,1.9990078305050558,9.286288635757962e-08,0.73044115974847,1
3210.0,0.0025072413659100543,0.6252738397144708,0.01715390142262142,0.15326971919804347,3.3512142649962953,1.9990073416553202,9.296787985668637e-08,0.7406515583775027,1
3220.0,0.002508477218142106,0.6255812908594427,0.017163544916047015,0.15336141015788368,3.3544402208921844,1.9990068527776592,9.307288264814995e-08,0.7444201546707735,1
3230.0,0.0025097142462315544,0.6258890437078244,0.01717318835349077,0.15345310064181225,3.3576500773837514,1.999006363939743,9.317791744634337e-08,0.7418489264974637,1
3240.0,0.0025109524442162834,0.6261970967308729,0.017182831734947456,0.15354479064977888,3.3608439139585067,1.9990058752079658,9.328300828696717e-08,0.742563603262244,1
3250.0,0.0025121918061689007,0.6265054484087482,0.017192475060411903,0.15363648018173398,3.36402180964123,1.9990053866474458,9.338818052704949e-08,0.7521930274847374,1
3260.0,0.0025134323256707967,0.6268140970956185,0.017202118329898406,0.1537281692378126,3.3671838500874074,1.9990048979265862,9.349334589265027e-08,0.7436214439578845,1
3270.0,0.0025146739945258604,0.6271230406897479,0.01721176154348811,0.15381985781878443,3.3703301449313323,1.9990044073499684,9.359802134514926e-08,0.7450189246756861,1
3280.0,0.0025159168090452453,0.6274322782454403,0.017221404701097447,0.1539115459238555,3.3734607430233114,1.9990039165836357,9.370270270006382e-08,0.7430862031688131,1
3290.0,0.0025171607633714356,0.6277418082607675,0.017231047802724095,0.15400323355300333,3.376575722468176,1.9990034256357032,9.380740551289558e-08,0.742318087382667,1
3300.0,0.002518405851679028,0.6280516292420348,0.017240690848365926,0.154094920706207,3.3796751609432647,1.9990029345110454,9.391214608942299e-08,0.7332912510783813,1
3310.0,0.002519652068174733,0.6283617397037814,0.017250333838020968,0.15418660738344725,3.3827591356984232,1.9990024432112963,9.401694148570128e-08,0.7506583910854479,1
3320.0,0.0025208994070973724,0.6286721381687799,0.017259976771687432,0.15427829358470646,3.385827723556007,1.9990019517348496,9.412180950806251e-08,0.7466944912741328,1
3330.0,0.0025221478627178817,0.6289828231680369,0.0172696196493637,0.15436997930996868,3.3888810009108763,1.9990014600768586,9.422676871311552e-08,0.7439491774776498,1
3340.0,0.0025233974293393095,0.6292937932407928,0.017279262471048325,0.15446166455921959,3.391919043730401,1.999000968229236,9.433183840774597e-08,0.745648741538932,1
3350.0,0.0025246481012968173,0.6296050469345217,0.017288905236740038,0.15455334933244647,3.3949419275544592,1.9990004761806541,9.443703864911633e-08,0.7410561515829321,1
3360.0,0.0025258998729576787,0.629916582804931,0.017298547946437728,0.1546450336296383,3.397949727495434,1.9989999839165447,9.454239024466586e-08,0.7555819011873454,1
3370.0,0.0025271527387212816,0.6302283994159626,0.01730819060014048,0.1547367174507857,3.4009425182382182,1.9989994914190992,9.464791475211064e-08,0.7548387166752251,1
3380.0,0.002528406693019125,0.6305404953397916,0.01731783319784753,0.15482840079588087,3.4039203740402124,1.9989989986672687,9.475363447944356e-08,0.7548569269892458,1
3390.0,0.002529661730314822,0.6308528691568269,0.01732747573955831,0.15492008366491772,3.406883368731324,1.9989985056367634,9.485957248493428e-08,0.7658786573767217,1
3400.0,0.0025309178451040984,0.6311655194557115,0.017337118225272397,0.15501176605789177,3.4098315757139677,1.9989980123000535,9.496575257712929e-08,0.7310734922901334,1
3410.0,0.0025321750319147926,0.6314784448333214,0.017346760654989565,0.1551034479748002,3.4127650679630674,1.9989975186263684,9.507219931485191e-08,0.7595426938831384,1
3420.0,0.0025334332853068557,0.6317916438947672,0.01735640302870975,0.15519512941564179,3.4156839180260534,1.9989970245816975,9.517893800720221e-08,0.7388169111241417,1
3430.0,0.0025346925969214743,0.6321051144968679,0.017366045346377135,0.15528681037988612,3.418588237139726,1.9989965312348854,9.52850501203612e-08,0.7451445850497176,1
3440.0,0.002535952962173432,0.6324188554638913,0.017375687608006986,0.1553784908676775,3.421478086516239,1.9989960382490923,9.539081554187022e-08,0.7544198679239473,1
3450.0,0.0025372143768885944,0.6327328657254963,0.017385329813621935,0.15547017087923007,3.4243535219166397,1.9989955451421864,9.54966362196785e-08,0.7443396840427406,1
3460.0,0.002538476835675085,0.633047143899146,0.01739497196322108,0.15556185041453482,3.427214615242586,1.998995051897287,9.560251476579744e-08,0.7600038673165969,1
3470.0,0.002539740333171454,0.6333616886101059,0.01740461405680368,0.15565352947358402,3.430061437990579,1.9989945584949043,9.570845400314864e-08,0.7465104817817902,1
3480.0,0.0025410048640467646,0.6336764984914647,0.01741425609436912,0.15574520805637126,3.432894061250835,1.998994064912908,9.581445699283715e-08,0.7568012400189509,1
3490.0,0.0025422704230006793,0.6339915721841568,0.01742389807591694,0.15583688616289157,3.435712555706153,1.9989935711264952,9.59205270614246e-08,0.7514198483102724,1
3500.0,0.002543537004763543,0.6343069083369836,0.01743354000144682,0.15592856379314135,3.43851699163079,1.9989930771081579,9.60266678282025e-08,0.7485128866988399,1
3510.0,0.0025448046040964702,0.6346225056066358,0.017443181870958595,0.15602024094711833,3.441307438889326,1.9989925828276514,9.613288323246543e-08,0.7314866236752859,1
3520.0,0.002546073215791429,0.6349383626577151,0.017452823684452237,0.15611191762482177,3.4440839669355396,1.9989920882519632,9.623917756078417e-08,0.73830049008789,1
3530.0,0.0025473428346713257,0.6352544781627559,0.017462465441927883,0.15620359382625226,3.446846644811276,1.9989915933452793,9.634555547427898e-08,0.7353545196315571,1
3540.0,0.002548613455590093,0.6355708508022475,0.01747210714338581,0.1562952695514119,3.4495955411453165,1.9989910980689543,9.645202203589285e-08,0.7640864928829942,1
3550.0,0.002549885073432771,0.6358874792646553,0.017481748788826457,0.1563869448003042,3.4523307241522527,1.9989906023814776,9.655858273766456e-08,0.738896406222253,1
3560.0,0.0025511576831155963,0.6362043622464434,0.017491390378250416,0.15647861957293424,3.455052261631354,1.9989901062384428,9.666524352800204e-08,0.7575903235001261,1
3570.0,0.002552431279586084,0.6365214984520959,0.017501031911658436,0.15657029386930849,3.4577602209654397,1.998989609592515,9.677201083895553e-08,0.7510690745781078,1
3580.0,0.0025537058578231145,0.636838886594139,0.017510673389051424,0.15666196768943494,3.4604546691197475,1.9989891123933994,9.687889161349074e-08,0.7295327676583769,1
3590.0,0.0025549814128370194,0.6371565253931629,0.017520314810430447,0.15675364103332318,3.4631356726408073,1.9989886145878089,9.698589333276208e-08,0.7402365205011393,1
3600.0,0.002556257939669665,0.6374744135778433,0.017529956175796738,0.15684531390098427,3.4658032976553095,1.9989881161194323,9.709302404338594e-08,0.7602753628956437,1
