time,sclerostin_bone,sclerostin_sensor,rankl_bone,opg_bone,ctx_bone,ctx_sensor,p1np_bone,p1np_sensor,osteocytes,osteoblasts,osteoclasts,biosensor_signal,detection_event
0.0,0.019817588363382266,0.4945761889921208,0.6708278821076896,5.977176016929425,0.008656841687626284,0.2163419483564527,0.017736205677550423,0.4434109761889652,3.9971551221074035,1.9925412742356508,0.3036478532046383,3.673419455010669,0
10.0,0.019824487942783024,0.4947488504341659,0.6708241874942077,5.977138630856879,0.008657474259137229,0.21635776622879507,0.01773615895008205,0.4434098090824394,3.9970948824136565,1.9925205006591136,0.3036491258992783,3.6738532350463067,1
20.0,0.019831386122550275,0.4949214768129593,0.6708204928826871,5.977101245046075,0.008658106799539171,0.21637358335969067,0.01773611221686631,0.44340864177224243,3.9970347493016707,1.9925005871383252,0.303650327323623,3.6742869139894148,0
30.0,0.019838283387633736,0.4950940802773339,0.6708167982724481,5.977063859406324,0.008658739319610859,0.21638940000603835,0.017736065479894574,0.4434074743289432,3.9969746858427793,1.992481235677547,0.3036514821717662,3.674720520896173,1
40.0,0.019845179613348023,0.49526665770403117,0.6708131036685172,5.977026474002768,0.00865937181646642,0.2164052160966532,0.01773601873891805,0.4434063067431476,3.9969147073796942,1.9924624916160256,0.30365258881693336,3.6751540483180865,0
50.0,0.019852074307632663,0.4954391967673697,0.6708094090907295,5.976989089092484,0.008660004278716991,0.21642103135060978,0.017735971992954874,0.4434051389777833,3.996854874461151,1.992444533881329,0.3036536408391943,3.675587466839938,0
60.0,0.019858967783444224,0.4956117053066357,0.6708057145264695,5.9769517045119676,0.008660636713606031,0.21643684594658016,0.017735925242629524,0.4434039710564286,3.996795148577402,1.9924272486733023,0.3036546423217044,3.6760207951868784,0
70.0,0.019865860040782713,0.49578418332182933,0.6708020199757374,5.976914320261218,0.00866126912113354,0.2164526598845643,0.017735878487941996,0.44340280297908374,3.996735529728447,1.992410635991946,0.3036555932644636,3.676454033368704,0
80.0,0.019872750912557458,0.49595662662221246,0.6707983254644998,5.976876936594081,0.00866190149703748,0.21646847305105404,0.017735831729575886,0.44340163476701405,3.9966760606020557,1.9923946356844793,0.30365650761229523,3.676887171437463,0
90.0,0.01987964043255619,0.4961290360552024,0.6707946309875059,5.976839553459224,0.008662533842179687,0.21648428546900209,0.01773578496739297,0.44340046641591946,3.9966167325662516,1.992379259914512,0.30365738254538965,3.6773202114176415,1
100.0,0.019886528634228604,0.4963014124597386,0.6707909365395575,5.976802170805832,0.008663166157413374,0.21650009716113153,0.017735738201256387,0.44339929792154287,3.996557537075416,1.992364520723965,0.30365821527214754,3.677753155313256,0
110.0,0.019893415480882266,0.4964737549093562,0.6707872421423722,5.976764788828822,0.008663798441522475,0.21651590808993093,0.017735691432147326,0.44339812931622624,3.996498500691813,1.9923503061736367,0.3036590194626227,3.678186000975418,1
120.0,0.01990030092287646,0.4966460621506534,0.6707835478253319,5.976727407791896,0.008664430692861795,0.2165317182046516,0.01773564466139321,0.4433969606437249,3.9964396593511764,1.9923364648224742,0.3036598136108482,3.678618745493606,1
130.0,0.01990718501552649,0.4968183355803127,0.670779853555696,5.976690027401206,0.008665062913264597,0.21654752756184353,0.01773559788751487,0.44339579185528183,3.9963809730098365,1.992323165423273,0.303660577108675,3.6790513921340477,0
140.0,0.01991406775883237,0.49699057519833395,0.6707761593334648,5.9766526476567545,0.00866569510273088,0.21656333616150666,0.017735551110512306,0.44339462295089704,3.996322441667794,1.992310407976033,0.3036613099561031,3.6794839409074624,0
150.0,0.01992094915279409,0.49716278100471734,0.670772465158638,5.9766152685585405,0.00866632726126065,0.21657914400364106,0.01773550433038552,0.44339345393057045,3.996264065325048,1.9922981924807543,0.3036620121531323,3.6799163918245688,1
160.0,0.019927829197411654,0.4973349529994628,0.6707687710312157,5.976577890106564,0.0086669593888539,0.21659495108824667,0.01773545754713451,0.44339228479430215,3.9962058439815986,1.9922865189374368,0.30366268369976285,3.6803487448960808,0
170.0,0.01993470788926346,0.49750709109348745,0.6707650769606202,5.9765405123833535,0.008667591485276101,0.21661075740658745,0.017735410761232608,0.4433911155578189,3.996147787639183,1.992275331591407,0.3036633300750768,3.6807809999453505,0
180.0,0.019941585207776863,0.49767919475117456,0.670761383003504,5.976503135885129,0.008668223549117093,0.21662656290613702,0.017735363975525744,0.4433899463156789,3.9960899564339916,1.992264295213496,0.3036639842224674,3.68121315585666,1
190.0,0.0199484611696423,0.4978512644070663,0.6707576891139054,5.976465760209311,0.008668855581520927,0.2166423676295097,0.017735317187705033,0.44338877699116774,3.996032301577949,1.992253681772809,0.3036646194151877,3.681645213554742,0
200.0,0.019955335774859785,0.49802330006116263,0.6707539952918243,5.9764283853558995,0.008669487582487603,0.21665817157670542,0.017735270397770474,0.44338760758428547,3.9959748230710552,1.9922434912693456,0.30366523565323755,3.682077173050357,1
210.0,0.019962209023429305,0.49819530171346366,0.6707503015372608,5.976391011324896,0.008670119552017122,0.21667397474772424,0.01773522360572207,0.443386438095032,3.9959175209133098,1.9922337237031065,0.3036658329366171,3.6825090343542626,0
220.0,0.019969080915350865,0.4983672693639693,0.6707466078502148,5.976353638116299,0.008670751490109483,0.2166897771425661,0.01773517681155982,0.44338526852340726,3.995860395104713,1.9922243790740912,0.3036664112653263,3.682940797477208,0
230.0,0.019975951450624467,0.4985392030126796,0.6707429142306864,5.976316265730109,0.008671383396764687,0.21670557876123103,0.017735130015283724,0.4433840988694114,3.9958034456452647,1.9922154573822997,0.3036669706393651,3.683372462429946,0
240.0,0.01998282063469576,0.4987111027770502,0.6707392207356975,5.976278894662253,0.00867201527121878,0.2167213795708743,0.01773508321983856,0.44338292923107553,3.9957467244942624,1.9922066090952366,0.30366753720393524,3.6838040296690333,1
250.0,0.019989688464366023,0.49888296858808884,0.6707355273317539,5.976241524621431,0.008672647113920504,0.2167371795907886,0.017735036423494596,0.44338175955081716,3.9956902011313216,1.9921980395248797,0.30366809560160035,3.6842354989433295,1
260.0,0.019996554939425367,0.4990548004412683,0.670731834016658,5.976204155588525,0.008673278924899303,0.2167529788222398,0.01773498962613833,0.4433805898248578,3.9956338735538,1.992189762143095,0.30366864482465816,3.684666870246377,1
270.0,0.02000342005998389,0.4992265983389635,0.6707281407915625,5.976166787573564,0.008673910704139727,0.21676877726456387,0.017734942827829298,0.44337942005517944,3.995577742812198,1.9921817698831172,0.3036691854017063,3.6850981435979207,1
280.0,0.020010283826151692,0.49939836228354895,0.6707244476576204,5.976129420586574,0.008674542451626336,0.2167845749170968,0.01773489602862704,0.44337825024376415,3.9955218099570167,1.9921740556781808,0.30366971786134217,3.6855293190176965,0
290.0,0.02001714623803887,0.4995700922773995,0.6707207546159845,5.97609205463758,0.008675174167343681,0.21680037177917452,0.017734849228591094,0.4433770803925938,3.995466076038756,1.992166612461521,0.3036702427321633,3.6859603965254357,0
300.0,0.020024007295755524,0.49974178832288974,0.6707170616678075,5.976054689736611,0.008675805851276319,0.21681616785013297,0.017734802427780992,0.4433759105036504,3.9954105421079182,1.9921594331663721,0.30367076054276726,3.6863913761408678,0
310.0,0.020030866999411753,0.4999134504223944,0.6707133688142425,5.976017325893692,0.008676437503408801,0.2168319631293081,0.017734755626256274,0.44337474057891596,3.9953552092150026,1.992152510725969,0.3036712718217514,3.6868222578837178,0
320.0,0.020037725349117658,0.5000850785782881,0.6707096760564422,5.97597996311885,0.008677069123725687,0.2168477576160359,0.017734708824076476,0.4433735706203724,3.995300078410511,1.9921458380735466,0.30367177709771337,3.6872530417737073,0
330.0,0.020044582344983332,0.5002566727929455,0.6707059833955594,5.975942601422112,0.008677700712211528,0.2168635513096523,0.017734662021301136,0.4433724006300017,3.9952451507449434,1.9921394081423396,0.3036722768992506,3.687683727830552,1
340.0,0.020051437989390797,0.5004282331251906,0.6707022908354993,5.9759052408372755,0.00867833226885928,0.21687934420957367,0.017734615218135547,0.44337123061464456,3.9951904281989052,1.9921331964747007,0.30367277200049625,3.688114316217596,0
350.0,0.020058292295949905,0.5005997599128185,0.670698598393767,5.975867881515614,0.008678963793703424,0.21689513631561425,0.017734568415505355,0.44337006060515355,3.99513591734958,1.9921270926671304,0.30367326438902337,3.6885448078079515,0
360.0,0.020065145253678487,0.5007712528826006,0.6706949060580792,5.975830523351098,0.008679595286687491,0.21691092762671704,0.017734521612758448,0.4433688905797886,3.99508161470639,1.9921211745609884,0.30367375339464114,3.688975201920017,0
370.0,0.020071996863078725,0.5009427120466537,0.6706912138300637,5.975793166357854,0.008680226747797488,0.2169267181422319,0.01773447480997952,0.44336772054137025,3.9950275214803517,1.9921154320882126,0.30367423958832135,3.689405498598246,0
380.0,0.020078847124652806,0.5011141374170943,0.6706875217113482,5.9757558105500115,0.008680858177019418,0.21694250786150865,0.01773442800725326,0.44336655049271906,3.9949736388824815,1.9921098551807421,0.30367472354103575,3.6898356978870854,1
390.0,0.02008569603890291,0.5012855290060391,0.6706838297035606,5.975718455941701,0.008681489574339287,0.21695829678389714,0.01773438120466436,0.4433653804366554,3.9949199681237966,1.9921044337705152,0.303675205823756,3.6902657998309745,0
400.0,0.020092543606331222,0.5014568868256044,0.6706801378083287,5.97568110254705,0.008682120939743097,0.2169740849087472,0.017734334402297512,0.44336421037599993,3.994866510415314,1.99209915778947,0.303675687007454,3.690695804474344,0
410.0,0.020099389827439928,0.5016282108879072,0.6706764460272802,5.975643750380188,0.008682752273216857,0.2169898722354087,0.01773428760023741,0.4433630403135729,3.994813266968051,1.9920940171695454,0.3036761676631014,3.6911257118616203,0
420.0,0.020106234702731207,0.5017995012050638,0.670672754362043,5.975606399455244,0.008683383574746567,0.21700565876323144,0.017734240798568744,0.443361870252195,3.994760238993024,1.9920890018426796,0.30367664836166997,3.691555522037219,0
430.0,0.020113078232707245,0.5019707577891908,0.6706690628142448,5.975569049786346,0.008684014844318234,0.2170214444915653,0.017734193997376205,0.44336070019468654,3.99470742770125,1.992084101740811,0.3036771296741315,3.691985235045549,0
440.0,0.020119920417870227,0.5021419806524049,0.6706653713855135,5.975531701387625,0.008684646081917862,0.21703722941976009,0.017734147196744487,0.44335953014386814,3.994654834303746,1.9920793067958784,0.3036776121714577,3.692414850931013,0
450.0,0.02012676126207282,0.5023131698937539,0.670661680072758,5.975494354232041,0.008685277287647668,0.21705301355210338,0.017734100396517016,0.4433583600945255,3.994602451054204,1.992074635615259,0.30367809256087663,3.692844369930993,0
460.0,0.02013360077024506,0.502484325640238,0.6706579888713697,5.9754570082793235,0.008685908461647232,0.21706879689447053,0.017734053596459635,0.443357190038861,3.994550267326061,1.9920701160270067,0.30367856630721735,3.6932737923448773,0
470.0,0.020140438937900046,0.5026554477745285,0.6706542977900034,5.975419663604897,0.008686539603729516,0.21708457943885878,0.0177340067970163,0.4433560199916591,3.9944982976683323,1.9920656952635967,0.30367903973479987,3.693703117929647,1
480.0,0.020147275765769607,0.5028265363147002,0.6706506068299632,5.975382320220071,0.00868717071388849,0.2171003611849564,0.017733959998255163,0.4433548499551897,3.994446542678114,1.992061365222337,0.30367951314978103,3.6941323467428786,0
490.0,0.020154111254585553,0.5029975912788275,0.6706469159925537,5.975344978136151,0.00868780179211812,0.21711614213245164,0.01773391320024438,0.44335367993172253,3.9943950029525013,1.9920571178005344,0.30367998685831776,3.694561478842137,1
500.0,0.020160945405079716,0.5031686126849853,0.6706432252790789,5.975307637364447,0.00868843283841238,0.21713192228103279,0.017733866403052113,0.44335250992352737,3.9943436790885913,1.992052944895497,0.30368046116656694,3.6949905142849797,0
510.0,0.020167778217983906,0.5033396005512483,0.6706395346908437,5.975270297916265,0.008689063852765237,0.21714770163038805,0.01773381960674651,0.4433513399328741,3.99429257168348,1.992048838404532,0.30368093638068544,3.695419453128955,0
520.0,0.020174609694029955,0.5035105548956912,0.670635844229152,5.975232959802914,0.00868969483517066,0.21716348018020576,0.01773377281139573,0.4433501699620325,3.994241681334263,1.9920447902249472,0.30368141280683014,3.695848295431601,1
530.0,0.020181439833949672,0.5036814757363887,0.6706321538953085,5.975195623035699,0.008690325785622621,0.2171792579301742,0.017733726017067932,0.4433490000132724,3.9941910086380368,1.99204079225405,0.303681890751158,3.6962770412504438,0
540.0,0.020188268638474886,0.5038523630914155,0.6706284636906173,5.975158287625929,0.008690956704115087,0.21719503487998157,0.017733679223831265,0.4433478300888634,3.9941405541918975,1.992036836389148,0.30368237051982583,3.6967056906430025,1
550.0,0.020195096108337418,0.5040232169788462,0.6706247736163832,5.975120953584911,0.008691587590642029,0.21721081102931614,0.017733632431753892,0.4433466601910756,3.9940903185929413,1.9920329145275486,0.3036828524189905,3.697134243666785,1
560.0,0.020201922245929944,0.5041940374642221,0.6706210836614424,5.975083620815662,0.008692218445336342,0.21722658638415798,0.017733585640256337,0.4433454903005997,3.994040285635372,1.9920290957168574,0.30368333139523734,3.6975627004497076,0
570.0,0.020208747052205323,0.5043648245719351,0.6706173938254404,5.975046289315076,0.008692849268210491,0.21724236094503263,0.01773353884932057,0.44334432041683386,3.993990453679983,1.9920253821223397,0.30368380704141607,3.697991061058616,0
580.0,0.020215570526872773,0.5045355782908344,0.6706137041173578,5.975008959161136,0.008693480059172901,0.2172581347077545,0.017733492059413488,0.4433431505553338,3.9939408336695577,1.9920217181391955,0.3036842829636184,3.698419325507622,0
590.0,0.020222392670733655,0.504706298640982,0.670610014537977,5.974971630360618,0.00869411081822336,0.21727390767227536,0.01773344527057614,0.44334198071746617,3.993891425497723,1.9920180988947018,0.3036847592436176,3.698847493857135,1
600.0,0.02022921348458932,0.5048769856424399,0.6706063250880804,5.9749343029202935,0.008694741545361654,0.2172896798385468,0.017733398482849563,0.4433408109045973,3.993842229058106,1.9920145195161352,0.3036852359631872,3.699275566167555,1
610.0,0.02023603296924112,0.50504763931527,0.6706026357684505,5.974896976846938,0.008695372240587569,0.21730545120652048,0.017733351696274803,0.4433396411180935,3.9937932442443342,1.992010975130773,0.30368571320410054,3.6997035424992704,0
620.0,0.02024285112549041,0.5052182596795342,0.6705989465798696,5.974859652147323,0.00869600290390089,0.2173212217761481,0.017733304910892905,0.4433384713593212,3.993744470950035,1.9920074608658924,0.303686191048131,3.7001314229126603,1
630.0,0.02024966795413854,0.5053888467552944,0.6705952575231203,5.974822328828226,0.008696633535301403,0.21733699154738137,0.017733258126744905,0.44333730162964674,3.9936959090688355,1.9920039718487699,0.30368666957705204,3.7005592074680913,1
640.0,0.020256483455986875,0.5055594005626125,0.6705915685989848,5.974785006896417,0.008697264134788893,0.21735276052017194,0.017733211343871846,0.4433361319304366,3.993647558494363,1.9920005032066828,0.3036871488726371,3.700986896225922,1
650.0,0.02026329763183676,0.5057299211215506,0.6705878798082455,5.974747686358671,0.008697894702363148,0.21736852869447146,0.017733164562314774,0.443334962263057,3.993599419120245,1.9919970500669077,0.30368762901665947,3.7014144892464964,0
660.0,0.02027011048248955,0.5059004084521704,0.670584191151685,5.974710367221762,0.008698525238023953,0.21738429607023163,0.017733117782114734,0.4433337926288745,3.9935514908401086,1.9919936075567222,0.30368811009089264,3.701841986590154,1
670.0,0.020276922008465453,0.5060708625730285,0.6705805026169831,5.974673049378796,0.008699155741843607,0.2174000626508088,0.017733071002628976,0.44333262300646714,3.9935037579282713,1.9919902523247046,0.30368858914879937,3.7022693882645017,0
680.0,0.02028373221068179,0.5062412835048078,0.6705768142103269,5.974635732883434,0.008699786213791983,0.21741582843475016,0.017733024224180608,0.4433314534066014,3.9934562267213183,1.9919869458706336,0.30368906752132974,3.702696694351603,0
690.0,0.0202905410900002,0.5064116712678929,0.670573125935308,5.9745984177668205,0.008700416653853323,0.2174315934212775,0.017732977446957277,0.44333028383552964,3.9934089004616893,1.9919836658434522,0.3036895459395332,3.703123904923063,0
700.0,0.020297348647213692,0.5065820258823012,0.67056943779232,5.974561104032356,0.008701047062029562,0.21744735761044354,0.017732930670979728,0.4433291142939417,3.993361778579395,1.9919804097901732,0.303690024395296,3.7035510200376116,0
710.0,0.020304154883115273,0.5067523473680497,0.6705657497817564,5.974523791683439,0.00870167743832264,0.21746312100230095,0.017732883896268706,0.44332794478252757,3.993314860504446,1.9919771752578088,0.3036905028805046,3.7039780397539683,0
720.0,0.020310959798497952,0.506922635745156,0.6705620619040106,5.974486480723471,0.008702307782734493,0.21747888359690248,0.01773283712284496,0.44332677530197734,3.993268145666854,1.9919739597933717,0.3036909813870452,3.7044049641308425,1
730.0,0.02031776339415474,0.5070928910336371,0.6705583741594762,5.974449171155851,0.008702938095267062,0.21749464539430094,0.01773279035072924,0.44332560585298086,3.9932216334966304,1.9919707609438744,0.3036914599068042,3.7048317932269312,0
740.0,0.02032456567087864,0.5072631132535103,0.6705546865485467,5.974411862983979,0.008703568375922285,0.217510406394549,0.01773274357994228,0.4433244364362281,3.9931753234237854,1.9919675762563291,0.3036919384316679,3.705258527100924,0
750.0,0.020331366629462666,0.5074333024247929,0.6705509990716154,5.974374556211255,0.008704198624702097,0.21752616659769938,0.017732696810504836,0.44332326705240926,3.9931292148783304,1.991964403277749,0.3036924169535227,3.705685165811497,1
760.0,0.020338166270699825,0.5076034585675021,0.670547311729076,5.974337250841079,0.00870482884160844,0.21754192600380487,0.017732650042437653,0.44332209770221404,3.9930833072902767,1.991961239555146,0.30369289546425493,3.7061117094173186,1
770.0,0.02034496459538313,0.5077735817016551,0.6705436245213219,5.974299946876849,0.00870545902664325,0.21755768461291813,0.017732603275761476,0.44332092838633247,3.993037600089635,1.991958082635533,0.30369337395575086,3.706538157977044,0
780.0,0.02035176160293267,0.507943671816264,0.6705399374396273,5.974262644242912,0.008706089179813761,0.21757344242539364,0.017732556510019717,0.4433197590895449,3.9929920833610453,1.9919549870011053,0.303693852097409,3.706964511438432,0
790.0,0.020358557295138566,0.5081137289538642,0.6705362504910086,5.974225343000082,0.008706719301118064,0.21758919944106503,0.0177325097455798,0.4433185898240959,3.9929467633218056,1.9919519088484172,0.3036943301153297,3.7073907699406603,0
800.0,0.02036535167277094,0.508283753133956,0.6705325636757076,5.974188043150442,0.008707349390558188,0.21760495565998997,0.017732462982454508,0.44331742059041035,3.9929016392461043,1.9919488466737991,0.30369480799602233,3.707816933540508,1
810.0,0.020372144736591602,0.5084537443758523,0.6705288769939104,5.974150744695595,0.008707979448136189,0.21762071108222816,0.017732416220653746,0.44331625138881675,3.9928567103516213,1.991945799317861,0.3036952857240461,3.7082430022940724,0
820.0,0.02037893648736237,0.5086237026988658,0.6705251904458033,5.974113447637143,0.008708609473854127,0.21763646570783918,0.01773236946018741,0.44331508221964344,3.9928119758560356,1.9919427656212132,0.30369576328396014,3.7086689762574423,0
830.0,0.02038572692584506,0.5087936281223092,0.6705215040315725,5.974076151976693,0.00870923946771406,0.21765221953688255,0.017732322701065405,0.44331391308321905,3.992767434977027,1.991939744424466,0.30369624066032386,3.709094855486695,1
840.0,0.020392516052801485,0.5089635206654954,0.6705178177514046,5.974038857715845,0.008709869429718048,0.21766797256941786,0.01773227594329763,0.4433127439798721,3.992723086932274,1.9919367345682293,0.3036967178376964,3.7095206400378986,1
850.0,0.02039930386899346,0.5091333803477373,0.6705141316054856,5.974001564856206,0.008710499359868146,0.21768372480550474,0.017732229186893985,0.44331157490993095,3.9926789309394564,1.9919337348931134,0.30369719480063706,3.7099463299671123,0
860.0,0.020406090375182807,0.5093032071883473,0.670510445594002,5.973964273399377,0.008711129258166415,0.21769947624520275,0.017732182431864373,0.44331040587372417,3.992634966216253,1.9919307442397285,0.303697671533705,3.7103719253303806,1
870.0,0.020412875572131332,0.5094730012066386,0.6705067597171399,5.973926983346964,0.008711759124614915,0.21771522688857156,0.017732135678218696,0.44330923687158025,3.9925911919803436,1.9919277614486848,0.3036981480214595,3.710797426183744,0
880.0,0.020419659460338236,0.5096427624155397,0.6705030739743548,5.973889694694235,0.008712388959212882,0.217730976735544,0.01773208892592851,0.4433080679025498,3.9925476069483494,1.9919247899350425,0.3036986243552994,3.711222832564955,0
890.0,0.020426442039590494,0.5098124908106666,0.6704993883631197,5.97385240741929,0.008713018761951916,0.21774672578570978,0.017732042174861403,0.44330689896221726,3.9925042084780684,1.9919218455193557,0.3036991009163626,3.7116481444622034,0
900.0,0.02043322331150206,0.5099821864320462,0.6704957028859928,5.973815121544278,0.00871364853284322,0.21776247403953927,0.017731995425151678,0.4433057300550581,3.992460997412962,1.9919189121995153,0.3036995773425461,3.7120733619907944,0
910.0,0.020440003276802617,0.5101518492982103,0.6704920175430708,5.973777837070029,0.008714278271888505,0.21777822149707657,0.017731948676804547,0.4433045611812442,3.992417972909412,1.9919159893757583,0.30370005363147956,3.712498485204492,0
920.0,0.020446781936221854,0.5103214794276908,0.6704883323344506,5.973740553997373,0.008714907979089487,0.2177939681583658,0.017731901929825218,0.443303392340948,3.9923751341237987,1.9919130764483213,0.3037005297807927,3.712923514157051,0
930.0,0.020453559290489462,0.5104910768390195,0.670484647260229,5.973703272327136,0.00871553765444788,0.21780971402345103,0.017731855184218905,0.4433022235343415,3.9923324802125038,1.9919101728174406,0.30370100578811526,3.7133484489022184,0
940.0,0.02046033534033512,0.510660641550728,0.670480962320503,5.97366599206015,0.008716167297965396,0.21782545909237638,0.017731808439990816,0.4433010547615968,3.9922900103319083,1.9919072778833533,0.30370148165107697,3.7137732894937256,0
950.0,0.020467110086488518,0.5108301735813482,0.6704772775153696,5.973628713197243,0.00871679690964375,0.21784120336518598,0.01773176169714616,0.4432998860228861,3.9922477236383935,1.9919043910462957,0.3037019573673075,3.7141980359853,0
960.0,0.020473883529679344,0.5109996729494118,0.6704735928449254,5.973591435739243,0.008717426489484656,0.21785694684192383,0.01773171495569015,0.44329871731838166,3.9922056192883404,1.9919015117065046,0.3037024329344366,3.7146226884306577,1
970.0,0.020480655670637286,0.5111691396734508,0.6704699083092672,5.973554159686979,0.008718056037489827,0.2178726895226341,0.017731668215627997,0.44329754864825544,3.9921636964381304,1.9918986392642166,0.30370290835009395,3.7150472468835023,0
980.0,0.020487426510092027,0.5113385737719969,0.6704662239084923,5.973516885041281,0.008718685553660975,0.21788843140736092,0.017731621476964908,0.4432963800126797,3.9921219542441437,1.9918957731196685,0.3037033836119093,3.715471711397531,0
990.0,0.020494196047741525,0.5115079752376883,0.6704625396415479,5.973479611793022,0.008719315037994682,0.21790417249592248,0.017731574739645775,0.443295211409816,3.9920803922095063,1.9918929198679705,0.3037038589028458,3.7158960819608366,1
1000.0,0.020500964283536757,0.5116773440695142,0.6704588555076637,5.973442339935517,0.008719944490488782,0.2179199127881926,0.017731528003630277,0.4432940428383191,3.9920390097523053,1.991890084339733,0.30370433436041455,3.716320358577597,1
1010.0,0.020507731219487797,0.5118466803181395,0.6704551715083628,5.9734050694819505,0.008720573911151363,0.21793565228449546,0.017731481268998487,0.4432928743008562,3.9919978055986123,1.9918872570063353,0.3037048097522462,3.7167445413828872,1
1020.0,0.020514496856306286,0.5120159840016436,0.6704514876437219,5.973367800432976,0.00872120329998405,0.2179513909848713,0.017731434535754563,0.4432917057975643,3.9919567789108705,1.9918844373938094,0.30370528507921063,3.717168630429223,0
1030.0,0.02052126119470388,0.5121852551381054,0.6704478039138176,5.97333053278925,0.008721832656988466,0.21796712888936023,0.017731387803902654,0.4432905373285803,3.9919159288515242,1.9918816250281863,0.30370576034217805,3.717592625769105,0
1040.0,0.020528024235392225,0.512354493745604,0.6704441203187271,5.9732932665514245,0.008722461982166236,0.2179828659980024,0.01773134107344692,0.44328936889404136,3.9918752545830167,1.9918788194354973,0.3037062355420185,3.7180165274550308,0
1050.0,0.020534785979082967,0.5125236998422186,0.670440436858527,5.9732560017201575,0.008723091275518981,0.21799860231083798,0.017731294344391517,0.4432882004940844,3.9918347552677913,1.9918760201417742,0.303706710679602,3.718440335539485,0
1060.0,0.020541546426487756,0.5126928734460281,0.6704367535332939,5.973218738296102,0.008723720537048328,0.2180143378279071,0.017731247616740598,0.44328703212884635,3.991794430068292,1.991873226673048,0.3037071857557987,3.7188640500749424,1
1070.0,0.020548305578318236,0.5128620145751116,0.6704330703431048,5.973181476279913,0.0087243497667559,0.21803007254924991,0.017731200890498323,0.44328586379846435,3.991754278146962,1.9918704385553503,0.30370766077147865,3.7192876711138703,1
1080.0,0.020555063435286063,0.5130311232475482,0.6704293872880365,5.973144215672245,0.00872497896464332,0.21804580647490657,0.017731154165668842,0.4432846955030753,3.991714298666245,1.9918676553147123,0.3037081357275119,3.719711198708725,1
1090.0,0.020561819998102877,0.5132001994814169,0.6704257043681656,5.973106956473754,0.008725608130712211,0.21806153960491725,0.017731107442256318,0.4432835272428161,3.991674490788585,1.9918648764771656,0.30370861062476856,3.7201346329119516,1
1100.0,0.02056857526748033,0.5133692432947968,0.670422021583569,5.973069698685094,0.008726237264964201,0.21807727193932205,0.017731060720264903,0.443282359017824,3.991634853676425,1.9918621015687414,0.3037090854641187,3.720557973775989,0
1110.0,0.020575329244130074,0.5135382547057671,0.6704183389343236,5.973032442306922,0.00872686636740091,0.21809300347816118,0.01773101399969875,0.4432811908282358,3.991595386492209,1.9918593301154714,0.30370956024643236,3.720981221353266,0
1120.0,0.02058208192876375,0.5137072337324066,0.6704146564205059,5.972995187339889,0.008727495438023963,0.21810873422147473,0.017730967280562022,0.44328002267418853,3.9915560883983803,1.9918565616433868,0.30371003497257965,3.7214043756962,0
1130.0,0.020588833322093006,0.5138761803927946,0.6704109740421929,5.972957933784652,0.008728124476834983,0.21812446416930287,0.017730920562858868,0.4432788545558193,3.9915169585573826,1.991853795678519,0.30371050964343066,3.7218274368572,1
1140.0,0.0205955834248295,0.5140450947050099,0.6704072917994611,5.972920681641867,0.008728753483835597,0.21814019332168577,0.017730873846593446,0.44327768647326493,3.991477996131659,1.9918510317468994,0.30371098425985543,3.7222504048886655,0
1150.0,0.02060233223768487,0.514213976687132,0.6704036096923877,5.972883430912187,0.008729382459027426,0.21815592167866357,0.017730827131769912,0.44327651842666255,3.9914392002836543,1.9918482693745592,0.30371145882272405,3.722673279842985,0
1160.0,0.020609079761370764,0.5143828263572394,0.6703999277210493,5.9728461815962675,0.008730011402412094,0.2181716492402764,0.01773078041839242,0.4432753504161491,3.9914005701758106,1.9918455080875301,0.3037119333329066,3.7230960617725413,0
1170.0,0.02061582599659884,0.5145516437334117,0.6703962458855225,5.972808933694763,0.008730640313991227,0.21818737600656446,0.01773073370646513,0.44327418244186156,3.9913621049705723,1.9918427474118432,0.30371240779127306,3.7235187507297036,0
1180.0,0.02062257093591569,0.5147204286272371,0.670392564179895,5.972771687156431,0.00873126919376024,0.218203101977353,0.017730686995678376,0.4432730144934798,3.9913238110701488,1.9918400242697059,0.30371288231249444,3.7239413462613733,1
1190.0,0.020629314586509167,0.5148891812205753,0.6703888826089939,5.972734442023088,0.008731898041725682,0.21821882715285254,0.017730640286285224,0.4432718465794351,3.991285681894677,1.9918373085259264,0.30371335680717815,3.724363848820858,0
1200.0,0.02063605694965523,0.5150579015457761,0.67038520117331,5.972697198298978,0.008732526857889606,0.21823455153311816,0.01773059357831152,0.44327067870058706,3.991247716106244,1.991834597122004,0.3037138312683294,3.7247862584954388,1
1210.0,0.02064279802603744,0.5152265896202087,0.6703815198728996,5.972659955984576,0.00873315564225361,0.21825027511818923,0.017730546871760334,0.4432695108570368,3.99120991289219,1.9918318897125693,0.3037143056972096,3.72520857533572,0
1220.0,0.020649537816339374,0.5153952454612422,0.6703778387078186,5.97262271508036,0.008733784394819304,0.2182659979081052,0.01773050016663475,0.4432683430488853,3.9911722714398548,1.9918291859522534,0.30371478009508013,3.725630799392295,0
1230.0,0.0206562763212446,0.5155638690862452,0.6703741576781236,5.972585475586804,0.008734413115588284,0.21828171990290543,0.017730453462937844,0.4432671752762336,3.9911347909365786,1.9918264854956869,0.30371525446320247,3.726052930715747,1
1240.0,0.020663013541436688,0.515732460512587,0.6703704767838704,5.972548237504386,0.008735041804562155,0.21829744110262936,0.01773040676067269,0.4432660075391828,3.991097470569701,1.9918237879975007,0.303715728802838,3.7264749693566537,0
1250.0,0.020669749477599204,0.5159010197576365,0.6703667960251153,5.972511000833582,0.008735670461742518,0.21831316150731642,0.01773036005984236,0.4432648398378339,3.991060309526562,1.9918210931123255,0.30371620311524805,3.7268969153655784,0
1260.0,0.020676484130415725,0.5160695468387625,0.6703631154019146,5.972473765574868,0.008736299087130979,0.21832888111700596,0.017730313360449942,0.44326367217228785,3.9910233069945025,1.9918184004947919,0.30371667740169417,3.727318768793078,0
1270.0,0.020683217500569815,0.5162380417733342,0.6703594349143244,5.972436531728721,0.008736927680729138,0.21834459993173744,0.017730266662498502,0.4432625045426459,3.990986462160861,1.991815709799531,0.30371715166343777,3.7277405296897,1
1280.0,0.020689949588745045,0.5164065045787205,0.6703557545624008,5.972399299295617,0.008737556242538599,0.2183603179515503,0.017730219965991122,0.4432613369490088,3.9909497742129787,1.9918130206811735,0.3037176259017402,3.7281621981059825,0
1290.0,0.020696680395624986,0.5165749352722904,0.6703520743462003,5.972362068276033,0.008738184772560963,0.21837603517648388,0.01773017327093088,0.44326016939147783,3.9909132423381948,1.99181033279435,0.3037181001178629,3.728583774092455,0
1300.0,0.02070340992189321,0.5167433338714128,0.6703483942657786,5.972324838670445,0.008738813270797832,0.21839175160657762,0.017730126577320846,0.4432590018701539,3.990876865723849,1.9918076457936913,0.30371857431306726,3.729005257699637,1
1310.0,0.02071013816823328,0.5169117003934567,0.6703447143211922,5.972287610479329,0.00873944173725081,0.21840746724187096,0.017730079885164104,0.44325783438513805,3.9908406435572825,1.9918049593338283,0.3037190484886147,3.7294266489780385,0
1320.0,0.020716865135328773,0.5170800348557911,0.6703410345124974,5.9722503837031615,0.0087400701719215,0.21842318208240327,0.017730033194463726,0.4432566669365314,3.9908045750258343,1.9918022730693918,0.30371952264576674,3.729847947978162,0
1330.0,0.020723590823863255,0.517248337275785,0.6703373548397501,5.972213158342419,0.008740698574811504,0.218438896128214,0.017729986505222794,0.4432554995244349,3.9907686593168443,1.9917995866550127,0.30371999678578465,3.7302691547504976,1
1340.0,0.020730315234520298,0.5174166076708074,0.6703336753030066,5.972175934397578,0.008741326945922423,0.2184546093793425,0.017729939817444376,0.44325433214894966,3.990732895617653,1.9917968997453213,0.30372047090992993,3.7306902693455317,1
1350.0,0.02073703836798347,0.5175848460582272,0.6703299959023231,5.972138711869115,0.008741955285255863,0.21847032183582824,0.017729893131131554,0.4432531648101766,3.9906972831156,1.9917942119949488,0.303720945019464,3.7311112918137352,0
1360.0,0.02074376022493634,0.5177530524554135,0.6703263166377558,5.972101490757506,0.008742583592813423,0.2184860334977106,0.017729846446287407,0.4432519975082169,3.990661820998025,1.991791523058526,0.30372141911564826,3.731532222205575,0
1370.0,0.02075048080606248,0.5179212268797351,0.6703226375093608,5.972064271063228,0.008743211868596707,0.21850174436502903,0.017729799762915006,0.4432508302431715,3.9906265084522685,1.9917888325906832,0.30372189319974413,3.7319530605715037,1
1380.0,0.02075720011204546,0.5180893693485611,0.6703189585171944,5.972027052786757,0.008743840112607319,0.21851745443782286,0.01772975308101743,0.4432496630151415,3.9905913446656704,1.9917861402460517,0.30372236727301305,3.7323738069619714,1
1390.0,0.02076391814356885,0.5182574798792604,0.6703152796613128,5.97198983592857,0.008744468324846858,0.2185331637161316,0.017729706400597758,0.4432484958242279,3.9905563288255705,1.9917834456792622,0.30372284133671634,3.7327944614274124,1
1400.0,0.020770634901316216,0.5184255584892021,0.670311600941772,5.971952620489141,0.00874509650531693,0.21854887219999458,0.01772965972165906,0.4432473286705317,3.9905214601193086,1.9917807485449452,0.30372331539211556,3.7332150240182576,0
1410.0,0.020777350385971134,0.5185936051957551,0.6703079223586283,5.971915406468949,0.008745724654019137,0.2185645798894513,0.017729613044204423,0.443246161554154,3.990486737734225,1.9917780484977317,0.303723789440472,3.7336354947849233,0
1420.0,0.020784064598217168,0.5187616200162883,0.6703042439119379,5.97187819386847,0.00874635277095508,0.21858028678454106,0.017729566368236915,0.4432449944751958,3.9904521608576595,1.9917753451922524,0.3037242634830472,3.73405587377782,1
1430.0,0.020790777538737894,0.5189296029681708,0.670300565601757,5.971840982688179,0.008746980856126362,0.21859599288530335,0.017729519693759615,0.4432438274337581,3.9904177286769515,1.9917726382831382,0.30372473752110246,3.7344761610473496,1
1440.0,0.020797489208216877,0.5190975540687716,0.6702968874281418,5.9718037729285545,0.008747608909534585,0.21861169819177756,0.0177294730207756,0.4432426604299421,3.9903834403794423,1.9917699274250198,0.30372521155589927,3.734896356643903,0
1450.0,0.020804199607337686,0.5192654733354596,0.6702932093911483,5.97176656459007,0.008748236931181355,0.2186274027040031,0.017729426349287945,0.4432414934638486,3.9903492951524706,1.9917672122725278,0.303725685588699,3.7353164606178635,1
1460.0,0.020810908727690862,0.5194333605549605,0.6702895314855595,5.971729357627497,0.008748864921068725,0.21864310642209203,0.01772937967902372,0.443240326526383,3.9903153021975397,1.9917645253483456,0.30372615950422477,3.735736472462453,0
1470.0,0.020817616571406232,0.5196012157813276,0.67028585371227,5.97169215204858,0.008749492879198226,0.2186588093460722,0.017729333010029893,0.4432391596191088,3.9902814591092213,1.9917618610793906,0.3037266333222736,3.7361563923167123,1
1480.0,0.02082432314513968,0.5197690391834164,0.6702821760747998,5.971654947883818,0.008750120805571162,0.21867451147593533,0.01772928634249083,0.44323799274816694,3.9902477584975444,1.991759197532525,0.30372710712064943,3.7365762205969584,1
1490.0,0.02083102844951883,0.519936830777177,0.6702784985731727,5.971617745133403,0.00875074870018914,0.2186902128117213,0.017729239676407913,0.44323682591360186,3.9902141996114655,1.9917565345646158,0.3037275808998965,3.736995957350121,0
1500.0,0.020837732485171297,0.520104590578559,0.6702748212074122,5.971580543797534,0.008751376563053765,0.21870591335346987,0.017729193011782513,0.443235659115458,3.9901807816999413,1.9917538720325296,0.3037280546605593,3.7374156026231207,0
1510.0,0.020844435252724707,0.5202723186035122,0.6702711439775423,5.9715433438764025,0.008752004394166641,0.21872161310122099,0.017729146348616016,0.4432344923537798,3.990147504011928,1.9917512097931334,0.3037285284031821,3.7378351564628707,1
1520.0,0.020851136752806677,0.5204400148679865,0.6702674668835866,5.971506145370206,0.008752632193529373,0.21873731205501445,0.017729099686909795,0.4432333256286118,3.9901143657963836,1.9917485477032937,0.3037290021283093,3.7382546189162746,1
1530.0,0.020857836986044827,0.5206076793879318,0.670263789925569,5.971468948279139,0.008753259961143569,0.2187530102148902,0.017729053026665227,0.44323215893999834,3.9900813663022636,1.9917458856198773,0.30372947583648524,3.7386739900302284,0
1540.0,0.020864535953066782,0.520775312179298,0.6702601131035131,5.971431752603398,0.008753887697010831,0.21876870758088798,0.017729006367883694,0.44323099228798407,3.9900485047785255,1.991743223399751,0.30372994952825433,3.7390932698516184,0
1550.0,0.02087123365450016,0.5209429132580348,0.6702564364174425,5.971394558343175,0.008754515401132769,0.21878440415304776,0.017728959710566577,0.4432298256726132,3.990015780474126,1.9917405608997818,0.3037304232041609,3.739512458427325,1
1560.0,0.020877930090972583,0.5211104826400921,0.6702527598673812,5.971357365498668,0.008755143073510984,0.2188000999314093,0.01772891305471525,0.44322865909393033,3.9899831926380216,1.991737897976836,0.3037308968647493,3.739931555804216,1
1570.0,0.02088462526311167,0.5212780203414197,0.6702490834533528,5.971320174070072,0.008755770714147081,0.21881579491601252,0.01772886640033109,0.44322749255197996,3.989950740519169,1.991735234487781,0.30373137051056387,3.7403505620291537,1
1580.0,0.02089131917154504,0.5214455263779674,0.6702454071753811,5.97128298405758,0.00875639832304267,0.2188314891068973,0.01772881974741548,0.4432263260468064,3.9899184233665252,1.991732570289483,0.303731844142149,3.7407694771489908,1
1590.0,0.02089801181690032,0.5216130007656851,0.6702417310334897,5.971245795461388,0.008757025900199352,0.21884718250410345,0.017728773095969794,0.4432251595784541,3.989886240429047,1.991729905238809,0.30373231776004905,3.7411883012105704,1
1600.0,0.020904703199805124,0.5217804435205227,0.6702380550277026,5.971208608281692,0.008757653445618734,0.2188628751076708,0.017728726445995414,0.4432239931469677,3.989854190955691,1.9917272391926262,0.3037327913648084,3.74160703426073,1
1610.0,0.020911393320887078,0.5219478546584299,0.6702343791580433,5.971171422518688,0.00875828095930242,0.2188785669176393,0.017728679797493714,0.4432228267523915,3.9898222741954137,1.9917245720078005,0.3037332649569714,3.7420256763462945,1
1620.0,0.0209180821807738,0.5221152341953565,0.6702307034245356,5.971134238172568,0.00875890844125202,0.21889425793404874,0.017728633150466078,0.44322166039477007,3.9897904893971727,1.9917219035411993,0.3037337385370824,3.7424442275140852,1
1630.0,0.020924769780092913,0.5222825821472526,0.6702270278272032,5.97109705524353,0.008759535891469133,0.21890994815693898,0.01772858650491388,0.4432204940741477,3.9897588358099236,1.9917192336496892,0.3037342121056858,3.7428626878109097,1
1640.0,0.020931456119472034,0.522449898530068,0.67022335236607,5.971059873731768,0.008760163309955368,0.21892563758634992,0.017728539860838496,0.44321932779056894,3.9897273126826245,1.991716562190137,0.30373468566332584,3.7432810572835695,0
1650.0,0.020938141199538785,0.5226171833597523,0.6702196770411596,5.971022693637477,0.00876079069671233,0.21894132622232138,0.017728493218241312,0.4432181615440782,3.9896959192642307,1.9917138890194093,0.303735159210547,3.7436993359788597,1
1660.0,0.02094482502092079,0.5227844366522553,0.6702160018524956,5.970985514960852,0.008761418051741623,0.2189570140648932,0.017728446577123698,0.44321699533472014,3.9896646548037,1.991711213994373,0.3037356327478936,3.744117523943564,0
1670.0,0.020951507584245667,0.5229516584235272,0.6702123268001021,5.97094833770209,0.008762045375044854,0.2189727011141053,0.01772839993748704,0.4432158291625389,3.9896335185499887,1.991708536971895,0.30373610627591,3.7445356212244567,1
1680.0,0.020958188890141033,0.5231188486895175,0.6702086518840026,5.970911161861384,0.008762672666623629,0.21898838736999748,0.01772835329933271,0.44321466302757917,3.989602509752054,1.9917058578088418,0.3037365797951406,3.7449536278683073,1
1690.0,0.020964868939234518,0.5232860074661763,0.6702049771042209,5.97087398743893,0.00876329992647955,0.21900407283260967,0.01772830666266209,0.44321349692988526,3.989571627658852,1.9917031763620805,0.30373705330612977,3.7453715439218747,0
1700.0,0.020971547732153734,0.5234531347694532,0.6702013024607807,5.970836814434922,0.008763927154614225,0.21901975750198163,0.017728260027476562,0.4432123308695017,3.98954087151934,1.9917004924884778,0.30373752680942173,3.7457893694319075,1
1710.0,0.020978225269526307,0.5236202306152983,0.6701976279537056,5.970799642849557,0.008764554351029259,0.21903544137815328,0.017728213393777493,0.44321116484647294,3.9895102405824745,1.9916978060449002,0.303738000305561,3.746207104445149,1
1720.0,0.020984901551979854,0.5237872950196611,0.6701939535830197,5.970762472683029,0.008765181515726255,0.21905112446116448,0.017728166761566272,0.44320999886084345,3.9894797340972126,1.9916951168882147,0.3037384737950919,3.7466247490083315,1
1730.0,0.020991576580142,0.5239543279984918,0.6701902793487464,5.970725303935534,0.008765808648706823,0.2190668067510551,0.017728120130844273,0.44320883291265756,3.98944935131251,1.9916924248752879,0.3037389472785587,3.7470423031681817,1
1740.0,0.02099825034868821,0.5241213294159852,0.6701866052491691,5.970688136592181,0.008766435749972845,0.21908248824789575,0.017728073501521863,0.44320766699892966,3.9894191002453803,1.9916897406735115,0.3037394207112866,3.7474597666126797,1
1750.0,0.02100492284471673,0.5242882989431445,0.6701829312803653,5.970650970618965,0.00876706281952657,0.21909816895179632,0.017728026873394073,0.4432065011128337,3.9893890000876966,1.9916870886496938,0.30373989399121754,3.7478771385732226,0
1760.0,0.02101159408583584,0.5244552370288513,0.6701792574473321,5.970613806059184,0.008767689857368798,0.2191138488627086,0.017727980246722345,0.443205335263073,3.9893590250845774,1.991684437770508,0.3037403672480428,3.7482944201200152,0
1770.0,0.021018264072600407,0.5246221436871995,0.6701755837500745,5.970576642912871,0.00876831686350114,0.21912952798067287,0.01772793362150707,0.4432041694496592,3.989329174595481,1.991681788008856,0.3037408404818009,3.748711611295392,1
1780.0,0.021024932805565975,0.5247890189322998,0.6701719101885978,5.970539481180062,0.008768943837925201,0.21914520630572928,0.017727886997748667,0.4432030036726049,3.9892994479790214,1.991679139335719,0.3037413136925372,3.7491287121417183,1
1790.0,0.021031600285288745,0.5249558627782799,0.6701682367629076,5.970502320860795,0.008769570780642593,0.21916088383791807,0.017727840375447574,0.4432018379319231,3.989269844592971,1.9916764917201595,0.3037417868803045,3.74954572270139,0
1800.0,0.0210382665123256,0.5251226752392848,0.67016456347301,5.970465161955111,0.008770197691654923,0.2191765605772794,0.017727793754604232,0.4432006722276272,3.98924036379426,1.99167384512932,0.30374226004516247,3.7499626430168393,0
1810.0,0.02104493148723409,0.5252894563294765,0.6701608903189112,5.970428004463054,0.0087708245709638,0.21919223652385347,0.017727747135219112,0.4431995065597314,3.9892110049389755,1.9916711995284242,0.30374273318717804,3.750379473130531,0
1820.0,0.02105159521057243,0.5254562060630341,0.6701572173006178,5.97039084838467,0.008771451418570834,0.2192079116776805,0.017727700517292697,0.4431983409282503,3.989181767382362,1.9916685548807753,0.3037432063064252,3.750796213084963,1
1830.0,0.02105825768289952,0.5256229244541533,0.6701535444181367,5.97035369372001,0.008772078234477631,0.21922358603880063,0.017727653900825476,0.44319717533319886,3.989152650478822,1.9916659111477575,0.30374367940298513,3.751212862922663,0
1840.0,0.02106491890477491,0.5257896115170474,0.670149871671475,5.970316540469123,0.0087727050186858,0.21923925960725407,0.017727607285817973,0.443196009774593,3.9891236535819155,1.9916632682888358,0.30374415247694614,3.7516294226861957,1
1850.0,0.02107157887675884,0.5259562672659465,0.6701461990606403,5.970279388632065,0.008773331771196952,0.21925493238308094,0.01772756067227071,0.4431948442524487,3.989094776044359,1.9916606262615546,0.3037446255284036,3.7520458924181566,0
1860.0,0.021078237599412204,0.5261228917150976,0.6701425265856404,5.970242238208893,0.008773958492012693,0.2192706043663215,0.01772751406018424,0.4431936787667829,3.9890660172180286,1.9916579850215401,0.3037450985574601,3.7524622721611745,1
1870.0,0.021084895073296576,0.526289484878765,0.6701388542464835,5.970205089199667,0.008774585181134631,0.21928627555701583,0.017727467449559116,0.4431925133176128,3.9890373764539557,1.9916553445224978,0.3037455715642254,3.7528785619579117,1
1880.0,0.021091551298974203,0.5264560467712299,0.6701351820431779,5.970167941604449,0.008775211838564377,0.21930194595520414,0.017727420840395927,0.44319134790495623,3.98900885310233,1.9916527047162145,0.3037460445488161,3.7532947618510613,0
1890.0,0.021098206277007994,0.5266225774067906,0.6701315099757323,5.970130795423304,0.008775838464303538,0.21931761556092652,0.017727374232695256,0.44319018252883147,3.988980446512499,1.9916500655525569,0.30374651751135634,3.7537108718833525,0
1900.0,0.021104860007961534,0.5267890767997624,0.6701278380441559,5.970093650656301,0.008776465058353722,0.21933328437422317,0.017727327626457724,0.4431890171892576,3.988952156032968,1.9916474269794724,0.30374699045197706,3.7541268920975455,0
1910.0,0.021111512492399075,0.5269555449644777,0.6701241662484579,5.970056507303509,0.008777091620716536,0.21934895239513427,0.01772728102168395,0.4431878518862538,3.988923981011399,1.9916447889429891,0.30374746337081654,3.754542822536434,0
1920.0,0.021118163730885542,0.5271219819152858,0.6701204945886481,5.970019365365002,0.008777718151393592,0.21936461962369988,0.01772723441837458,0.44318668661984034,3.9888959207946115,1.9916421513872151,0.3037479362680201,3.7549586632428436,0
1930.0,0.021124813723986526,0.5272883876665533,0.6701168230647364,5.969982224840855,0.008778344650386495,0.2193802860599602,0.017727187816530272,0.4431855213900375,3.988867974728583,1.9916395142543395,0.30374840914374013,3.7553744142596344,1
1940.0,0.0211314624722683,0.5274547622326634,0.6701131516767331,5.969945085731148,0.008778971117696856,0.21939595170395537,0.017727141216151703,0.4431843561968664,3.9888401421584487,1.9916368774846311,0.3037488819981363,3.7557900756296974,1
1950.0,0.02113810997629779,0.527621105628017,0.6701094804246488,5.96990794803596,0.00877959755332628,0.21941161655572544,0.01772709461723956,0.4431831910403487,3.9888124224285004,1.9916342410164403,0.30374935483137533,3.7562056473959586,0
1960.0,0.021144756236642612,0.5277874178670313,0.6701058093084943,5.969870811755377,0.008780223957276376,0.2194272806153106,0.017727048019794554,0.4431820259205064,3.9887848148821883,1.9916316047861966,0.303749827643631,3.756621129601376,1
1970.0,0.021151401253871036,0.5279536989641412,0.6701021383282809,5.969833676889484,0.008780850329548754,0.21944294388275096,0.017727001423817404,0.4431808608373622,3.9887573188621195,1.991628968728411,0.3037503004350844,3.7570365222889395,0
1980.0,0.02115804502855201,0.5281199489337982,0.67009846748402,5.969796543438372,0.008781476670145021,0.2194586063580866,0.017726954829308857,0.44317969579093935,3.9887299337100592,1.9916263327756747,0.30375077320592353,3.7574518255016742,1
1990.0,0.021164687561255145,0.5282861677904711,0.6700947967757237,5.969759411402131,0.008782102979066784,0.21947426804135767,0.017726908236269663,0.44317853078126146,3.9887026587669294,1.9916236968586594,0.3037512459563437,3.757867039282636,1
2000.0,0.021171328852550738,0.5284523555486456,0.6700911262034037,5.969722280780856,0.008782729256315652,0.21948992893260424,0.017726861644700595,0.443177365808353,3.98867549337281,1.9916210609061167,0.30375171868654727,3.758282163674913,0
2010.0,0.021177968903009742,0.5286185122228243,0.6700874557670728,5.9696851515746445,0.008783355501893233,0.2195055890318664,0.01772681505460244,0.4431762008722386,3.988648436866938,1.9916184248448796,0.3037521913967437,3.758697198721629,1
2020.0,0.02118460771320379,0.5287846378275272,0.6700837854667436,5.969648023783597,0.008783981715801135,0.21952124833918432,0.017726768465976005,0.44317503597294367,3.988621488587709,1.9916157885998609,0.3037526640871497,3.759112144465939,0
2030.0,0.021191245283705175,0.5289507323772911,0.6700801153024292,5.969610897407814,0.008784607898040966,0.21953690685459804,0.017726721878822106,0.44317387111049406,3.9885946478726755,1.9916131520940543,0.303753136757989,3.7595270009510315,1
2040.0,0.02119788161508687,0.5291167958866699,0.6700764452741429,5.969573772447403,0.008785234048614334,0.21955256457814765,0.01772667529314158,0.44317270628491623,3.9885679140585464,1.9916105152485335,0.3037536094094924,3.7599417682201275,1
2050.0,0.02120451670792251,0.5292828283702347,0.6700727753818984,5.969536648902471,0.008785860167522846,0.2195682215098732,0.017726628708935283,0.4431715414962371,3.9885412864811896,1.9916078779824529,0.30375408204189813,3.760356446316479,0
2060.0,0.02121115056278641,0.5294488298425732,0.6700691056257096,5.969499526773128,0.008786486254768109,0.2195838776498148,0.017726582126204083,0.44317037674448423,3.9885147644756302,1.9916052402130475,0.30375455465545115,3.7607710352833736,0
2070.0,0.02121778318025355,0.5296148003182908,0.6700654360055909,5.969462406059488,0.008787112310351734,0.21959953299801252,0.01772653554494886,0.44316921202968557,3.98848834737605,1.9916026018556328,0.3037550272504038,3.761185535164132,1
2080.0,0.021224414560899577,0.5297807398120091,0.6700617665215569,5.969425286761666,0.008787738334275326,0.21961518755450646,0.01772648896517052,0.4431680473518698,3.9884620345157895,1.9915999628236043,0.30375549982701555,3.7615999460021037,1
2090.0,0.02123104470530082,0.5299466483383677,0.6700580971736224,5.9693881688797825,0.008788364326540492,0.2196308413193366,0.017726442386869976,0.4431668827110659,3.9884358252273455,1.9915973230284383,0.3037559723855529,3.7620142678406774,0
2100.0,0.02123767361403426,0.5301125259120223,0.6700544279618027,5.969351052413956,0.008788990287148843,0.2196464942925431,0.017726395810048163,0.4431657181073036,3.9884097188423735,1.9915946823796917,0.30375644492628956,3.762428500723267,0
2110.0,0.02124430128767757,0.5302783725476464,0.6700507588861132,5.969313937364313,0.008789616216101985,0.21966214647416593,0.01772634923470603,0.4431645535406131,3.988383714691685,1.9915920407850018,0.3037569174495063,3.7628426446933276,0
2120.0,0.021250927726809078,0.5304441882599302,0.6700470899465699,5.969276823730978,0.008790242113401524,0.2196777978642452,0.017726302660844545,0.443163389011025,3.988357812105251,1.991589398150086,0.303757389955491,3.7632566997943395,0
2130.0,0.021257552932007782,0.5306099730635809,0.6700434211431888,5.969239711514082,0.008790867979049072,0.2196934484628209,0.017726256088464686,0.4431622245185707,3.9883320104121984,1.9915867543787427,0.3037578624445388,3.763670666069822,0
2140.0,0.021264176903853366,0.5307757269733229,0.6700397524759865,5.969202600713756,0.00879149381304623,0.21970909826993312,0.01772620951756745,0.4431610600632818,3.988306308940812,1.9915841093728504,0.3037583349169519,3.7640845435633214,0
2150.0,0.021270799642926167,0.5309414500038975,0.6700360839449795,5.969165491330135,0.008792119615394611,0.2197247472856219,0.017726162948153854,0.4431598956451908,3.9882807070185344,1.991581463032368,0.3037588073730396,3.7644983323184213,0
2160.0,0.0212774211498072,0.531107142170063,0.670032415550185,5.969128383363356,0.008792745386095821,0.21974039550992724,0.017726116380224925,0.44315873126433053,3.988255203971965,1.9915788152553355,0.30375927981311834,3.764912032378737,1
2170.0,0.02128404142507815,0.5312728034865952,0.6700287472916205,5.9690912768135584,0.008793371125151467,0.21975604294288914,0.01772606981378171,0.44315756692073444,3.988229799126862,1.9915761659378726,0.3037597522375117,3.7653256437879157,1
2180.0,0.021290660469321373,0.5314384339682863,0.6700250791693034,5.969054171680885,0.008793996832563156,0.21977168958454768,0.01772602324882527,0.44315640261443634,3.9882044918081396,1.9915735149741798,0.3037602246465505,3.765739166589638,1
2190.0,0.021297278283119895,0.5316040336299458,0.670021411183252,5.969017067965483,0.008794622508332494,0.21978733543494283,0.017725976685356686,0.44315523834547077,3.9881792813398707,1.991570862256538,0.3037606970405725,3.766152600827618,1
2200.0,0.021303894867057412,0.5317696024864004,0.6700177433334843,5.968979965667498,0.008795248152461093,0.21980298049411465,0.017725930123377052,0.44315407411387286,3.9881541670452854,1.9915682076753087,0.30376116941992265,3.7665659465456,0
2210.0,0.02131051022171829,0.5319351405524937,0.6700140756200191,5.968942864787081,0.008795873764950557,0.21981862476210315,0.017725883562887474,0.443152909919678,3.9881291482467702,1.991565551118934,0.3037616417849531,3.766979203787365,1
2220.0,0.021317124347687566,0.5321006478430864,0.6700104080428751,5.968905765324387,0.008796499345802494,0.21983426823894828,0.017725837003889085,0.4431517457629223,3.988104224265871,1.9915628924739361,0.30376211413602305,3.767392372596723,0
2230.0,0.021323737245550946,0.5322661243730561,0.6700067406020719,5.968868667279571,0.00879712489501851,0.21984991092469006,0.017725790446383023,0.4431505816436425,3.98807939442329,1.9915602316249177,0.30376258647349896,3.767805453017519,0
2240.0,0.02133034891589481,0.5324315701572975,0.6700030732976285,5.968831570652791,0.008797750412600214,0.21986555281936854,0.01772574389037045,0.4431494175618757,3.988054658038887,1.991557568454562,0.3037630587977542,3.7682184450936305,1
2250.0,0.021336959359306202,0.5325969852107225,0.6699994061295652,5.9687944754442075,0.008798375898549213,0.2198811939230236,0.01772569733585254,0.44314825351765963,3.988030014431679,1.991554902843633,0.30376353110916954,3.768631348868967,0
2260.0,0.02134356856932199,0.5327623693681169,0.6699957390966882,5.968757381643468,0.008799001352867014,0.21989683423570608,0.017725650782767093,0.4431470895089238,3.988005474371561,1.9915522421735037,0.3037640033830492,3.7690441639661114,1
2270.0,0.02135017651590374,0.532927721861939,0.6699920721937461,5.968720289205045,0.008799626775554797,0.21991247375750245,0.017725604230839985,0.4431459255265474,3.9879810869187127,1.9915496189098407,0.3037644755108335,3.7694568885988904,1
2280.0,0.021356783234120193,0.5330930435880767,0.6699884054266949,5.96868319818055,0.00880025216661465,0.21992811248840025,0.017725557680382413,0.44314476158088173,3.9879567953891017,1.9915469962392272,0.3037649476155857,3.769869524871927,0
2290.0,0.021363388724461634,0.5332583345589686,0.6699847387955384,5.968646108570003,0.008800877526048181,0.21994375042843967,0.017725511131394717,0.4431435976719367,3.987932599259908,1.9915443741405756,0.3037654196973611,3.770282072823342,0
2300.0,0.021369992987417902,0.5334235947870428,0.6699810723002807,5.9686090203734325,0.008801502853856993,0.2199593875776608,0.017725464583877255,0.4431424337997227,3.987908498009259,1.991541752592052,0.3037658917562182,3.7706945324912233,1
2310.0,0.0213765960234784,0.5335888242847161,0.669977405940926,5.968571933590863,0.008802128150042695,0.2199750239361037,0.017725418037830384,0.44314126996425035,3.987884491116231,1.991539131571076,0.30376636379221883,3.7711069039136276,0
2320.0,0.021383197833132115,0.5337540230643937,0.6699737397174785,5.968534848222321,0.008802753414606889,0.2199906595038085,0.017725371493254465,0.44314010616553023,3.987860578060847,1.9915365110543208,0.3037668358054279,3.7715191871285763,0
2330.0,0.02138979841686759,0.5339191911384702,0.6699700736299429,5.968497764267833,0.008803378647551182,0.2200062942808154,0.01772532495014987,0.4431389424035734,3.9878367583240806,1.9915338910177136,0.3037673077959136,3.771931382174063,0
2340.0,0.021396397775172937,0.534084328519329,0.6699664076783234,5.9684606817274295,0.008804003848877178,0.22002192826716443,0.017725278408516974,0.4431377786783909,3.9878130313878515,1.9915312714364346,0.3037677797637473,3.7723434890880445,0
2350.0,0.021402995908535838,0.5342494352193421,0.6699627418626248,5.96842360060114,0.008804629018586486,0.22003756146289571,0.017725231868356162,0.4431366149899942,3.987789396735028,1.991528652284918,0.30376825170900357,3.7727555079084496,0
2360.0,0.02140959281744354,0.5344145112508707,0.669959076182852,5.968386520888995,0.008805254156680709,0.22005319386804936,0.017725185329667822,0.44313545133839477,3.987765853849428,1.9915260335368519,0.3037687236317602,3.773167438673171,0
2370.0,0.021416188502382867,0.5345795566262648,0.6699554106390098,5.968349442591026,0.008805879263161452,0.2200688254826655,0.01772513879245235,0.4431342877236044,3.9877424022158157,1.9915234151651773,0.30376919553209825,3.773579281420074,0
2380.0,0.0214227829638402,0.534744571357863,0.6699517452311031,5.968312365707266,0.00880650433803032,0.22008445630678417,0.017725092256710148,0.44313312414563516,3.9877190413199046,1.9915207971420898,0.30376966741010186,3.7739910361869873,0
2390.0,0.021429376202301488,0.5349095554579932,0.6699480799591372,5.96827529023775,0.00880712938128892,0.22010008634044545,0.01772504572244162,0.44313196060449905,3.9876957706483562,1.9915181794390378,0.30377013926585844,3.774402703011709,1
2400.0,0.02143596821825226,0.5350745089389718,0.6699444148231173,5.968238216182511,0.008807754392938856,0.2201157155836895,0.01772499918964718,0.4431307971002086,3.98767258968878,1.9915155620267235,0.30377061109945863,3.7748142819320054,1
2410.0,0.0214425590121776,0.5352394318131043,0.6699407498230487,5.968201143541587,0.008808379372981732,0.2201313440365564,0.017724952658327253,0.4431296336327764,3.987649497929734,1.9915129448751032,0.3037710829109963,3.775225772985612,1
2420.0,0.021449148584562164,0.5354043240926848,0.669937084958937,5.968164072315013,0.008809004321419154,0.2201469716990862,0.01772490612848226,0.4431284702022152,3.9876264948607245,1.9915103279533863,0.30377155470056844,3.7756371762102283,0
2430.0,0.02145573693589018,0.5355691857899968,0.6699334202307877,5.96812700250283,0.008809629238252728,0.22016259857131903,0.017724859600112643,0.4431273068085381,3.9876035799722054,1.9915077112300363,0.3037720264682753,3.7760484916435266,0
2440.0,0.021462324066645437,0.5357340169173122,0.6699297556386066,5.968089934105073,0.008810254123484058,0.22017822465329492,0.017724813073218826,0.4431261434517582,3.9875807527555795,1.9915050946727697,0.30377249821422037,3.776459719323142,1
2450.0,0.0214689099773113,0.5358988174868917,0.6699260911823995,5.968052867121785,0.008810878977114748,0.22019384994505398,0.017724766547801266,0.4431249801318891,3.987558012703197,1.991502478248557,0.3037729699385103,3.7768708592866815,1
2460.0,0.02147549466837069,0.5360635875109855,0.6699224268621724,5.9680158015530065,0.008811503799146405,0.22020947444663624,0.017724720023860406,0.4431238168489443,3.987535359308357,1.9914998619236226,0.30377344164125486,3.777281911571719,0
2470.0,0.02148207814030611,0.536228327001832,0.6699187626779314,5.96797873739878,0.008812128589580632,0.2202250981580818,0.01772467350139671,0.4431226536029376,3.9875127920653064,1.991497245663444,0.3037739133225673,3.777692876215794,0
2480.0,0.02148866039359962,0.5363930359716587,0.6699150986296826,5.967941674659147,0.008812753348419035,0.22024072107943077,0.01772462698041064,0.44312149039388327,3.9874903104692407,1.9914946294327531,0.3037743849825638,3.778103753256419,1
2490.0,0.021495241428732857,0.5365577144326821,0.6699114347174324,5.967904613334152,0.008813378075663217,0.22025634321072313,0.01772458046090266,0.4431203272217953,3.987467914016303,1.9914920131955343,0.3037748566213639,3.7785145427310676,1
2500.0,0.021501821246187016,0.5367223623971076,0.6699077709411873,5.967867553423843,0.008814002771314784,0.220271964551999,0.017724533942873252,0.4431191640866884,3.987445602203586,1.9914893969150265,0.30377532823909026,3.778925244677188,0
2510.0,0.021508399846442865,0.536886979877129,0.6699041073009536,5.967830494928262,0.00881462743537534,0.22028758510329846,0.017724487426322898,0.4431180009885771,3.987423374529128,1.991486780553722,0.30377579983586883,3.779335859132191,1
2520.0,0.02151497722998074,0.5370515668849297,0.6699004437967383,5.967793437847459,0.008815252067846491,0.2203032048646615,0.017724440911252085,0.44311683792747636,3.9874012304919177,1.9914841640733665,0.30377627141182867,3.7797463861334593,1
2530.0,0.021521553397280548,0.5372161234326814,0.6698967804285479,5.9677563821814825,0.008815876668729841,0.22031882383612825,0.017724394397661308,0.44311567490340115,3.987379169591892,1.9914815474349599,0.30377674296710216,3.780156825718342,0
2540.0,0.021528128348821757,0.537380649532545,0.6698931171963896,5.96771932793038,0.008816501238026991,0.22033444201773866,0.017724347885551068,0.4431145119163669,3.9873571913299344,1.9914789305987552,0.3037772145018249,3.7805671779241545,1
2550.0,0.021534702085083405,0.5375451451966702,0.6698894541002701,5.967682275094203,0.008817125775739551,0.2203500594095329,0.01772430137492187,0.4431133489663891,3.9873352952078784,1.9914763135242595,0.3037776860161354,3.780977442788184,1
2560.0,0.021541274606544102,0.5377096104371952,0.6698857911401969,5.967645223673003,0.008817750281869121,0.2203656760115509,0.017724254865774232,0.4431121860534834,3.987313480728504,1.9914736961702326,0.3037781575101759,3.7813876203476817,1
2570.0,0.021547845913682022,0.5378740452662478,0.6698821283161769,5.967608173666832,0.008818374756417308,0.22038129182383281,0.01772420835810867,0.4431110231776658,3.987291747395541,1.9914710784946892,0.30377862898409136,3.7817977106398715,1
2580.0,0.021554416006974907,0.5380384496959439,0.6698784656282177,5.967571125075743,0.008818999199385714,0.22039690684641858,0.01772416185192571,0.4431098603389523,3.987270094713666,1.9914684604548967,0.3037791004380302,3.782207713701937,0
2590.0,0.021560984886900073,0.5382028237383888,0.6698748030763269,5.967534077899791,0.008819623610775946,0.22041252107934828,0.017724115347225882,0.4431086975373594,3.987248522188505,1.9914658420073763,0.30377957187214405,3.7826176295710408,0
2600.0,0.02156755255393439,0.5383671674056767,0.6698711406605119,5.967497032139032,0.008820247990589605,0.22042813452266197,0.01772406884400973,0.44310753477290343,3.9872270293266316,1.9914632231079035,0.3037800432865876,3.783027458284306,0
2610.0,0.021574119008554313,0.5385314807098901,0.6698674783807805,5.9674599877935215,0.008820872338828297,0.2204437471763996,0.017724022342277795,0.4431063720456014,3.9872056156355673,1.9914606037115063,0.3037805146815189,3.7834371998788243,0
2620.0,0.02158068425123585,0.5386957636631011,0.6698638162371408,5.967422944863317,0.008821496655493628,0.22045935904060135,0.017723975842030625,0.4431052093554701,3.987184280623782,1.9914579837724673,0.30378098605709913,3.7838468543916584,1
2630.0,0.021587248282454587,0.5388600162773701,0.6698601542296003,5.967385903348478,0.008822120940587198,0.2204749701153071,0.017723929343268784,0.44310404670252673,3.987163023800695,1.9914553632443224,0.30378145741349266,3.784256421859838,1
2640.0,0.021593811102685673,0.5390242385647468,0.6698564923581675,5.967348863249063,0.008822745194110613,0.2204905804005569,0.017723882845992828,0.4431028840867887,3.9871418446766715,1.9914527420798607,0.3037819287508672,3.7846659023203584,0
2650.0,0.02160037271240383,0.5391884305372695,0.6698528306228505,5.967311824565133,0.008823369416065477,0.22050618989639081,0.01772383635020333,0.4431017215082735,3.987120742763027,1.9914501202311257,0.30378240006939344,3.7850752958101865,1
2660.0,0.021606933112083337,0.5393525922069654,0.6698491690236575,5.96727478729675,0.008823993606453393,0.22052179860284882,0.017723789855900864,0.44310055896699907,3.987099717572024,1.991447497649414,0.30378287136924553,3.785484602366255,1
2670.0,0.021613492302198053,0.5395167235858506,0.6698455075605971,5.967237751443977,0.008824617765275967,0.22053740651997097,0.017723743363086013,0.44309939646298324,3.9870787686168736,1.9914448742852762,0.30378334265060064,3.7858938220254656,0
2680.0,0.0216200502832214,0.5396808246859303,0.6698418462336778,5.967200717006876,0.0088252418925348,0.22055301364779725,0.017723696871759363,0.4430982339962443,3.987057895411735,1.991442250088516,0.30378381391363923,3.786302954824688,1
2690.0,0.021626607055626364,0.5398448955191981,0.6698381850429084,5.967163683985514,0.008825865988231497,0.22056861998636768,0.017723650381921512,0.4430970715668007,3.987037097471716,1.9914396250081914,0.303784285158545,3.786712000800759,1
2700.0,0.021633162619885505,0.540008936097637,0.6698345239882976,5.967126652379955,0.008826490052367663,0.22058422553572218,0.017723603893573053,0.443095909174671,3.987016374312872,1.9914369989926135,0.30378475638550473,3.7871209599904865,1
2710.0,0.02163971697647095,0.5401729464332183,0.6698308630698543,5.967089622190266,0.0088271140849449,0.2205998302959009,0.017723557406714604,0.4430947468198741,3.9869957254522066,1.991434371989347,0.30378522759470855,3.787529832430642,0
2720.0,0.021646270125854388,0.5403369265379029,0.6698272022875876,5.967052593416515,0.008827738085964812,0.22061543426694372,0.017723510921346768,0.4430935845024289,3.9869751504076723,1.991431743945211,0.3037856987863497,3.787938618157968,0
2730.0,0.021652822068507084,0.5405008764236399,0.6698235416415066,5.967015566058771,0.008828362055429001,0.22063103744889073,0.017723464437470166,0.4430924222223548,3.986954648698169,1.991429114806277,0.30378616996062463,3.7883473172091757,1
2740.0,0.02165937280489987,0.5406647961023675,0.6698198811316207,5.966978540117104,0.008828985993339073,0.22064663984178184,0.017723417955085426,0.4430912599796711,3.986934219843545,1.9914264845178713,0.3037866411177332,3.788755929620942,0
2750.0,0.021665922335503133,0.5408286855860129,0.6698162207579392,5.966941515591585,0.008829609899696632,0.22066224144565708,0.017723371474193176,0.4430900977743975,3.9869138633645975,1.9914238530245731,0.3037871122578781,3.789164455429915,0
2760.0,0.021672470660786848,0.5409925448864922,0.6698125605204717,5.966904492482285,0.008830233774503277,0.22067784226055645,0.017723324994794058,0.4430889356065539,3.9868935787830715,1.9914212202702157,0.30378758338126555,3.7895728946727076,0
2770.0,0.021679017781220545,0.54115637401571,0.6698089004192276,5.9668674707892775,0.008830857617760616,0.2206934422865199,0.017723278516888714,0.4430877734761604,3.9868733656216593,1.9914185861978857,0.30378805448810486,3.7899812473859034,0
2780.0,0.02168556369513621,0.541320172930952,0.6698052404538805,5.966830450509721,0.008831481429470172,0.22070904152358922,0.01772323204046022,0.443086611382653,3.9868532268930785,1.9914159528259676,0.30378852557135005,3.790389513478708,1
2790.0,0.021692108379423,0.5414839410415893,0.669801580620728,5.96679343161153,0.00883210520963266,0.22072463997182448,0.01772318556531536,0.44308544931960586,3.986833200618131,1.9914133430017857,0.303788996551132,3.7907976915826644,0
2800.0,0.02169865185831827,0.5416476789668493,0.6697979209235221,5.9667564141272,0.00883272895825058,0.2207402376312454,0.01772313909165023,0.4430842872935379,3.986813247516598,1.991410733576275,0.3037894675083985,3.7912057831506685,0
2810.0,0.021705194132229457,0.5418113867170504,0.6697942613622634,5.966719398056726,0.008833352675325527,0.22075583450189204,0.017723092619465006,0.44308312530445343,3.9867933672135094,1.991408124548171,0.30378993844316676,3.791613788215591,1
2820.0,0.02171173520156282,0.5419750643024801,0.6697906019369525,5.966682383400102,0.008833976360859107,0.2207714305838044,0.017723046148759854,0.4430819633523568,3.9867735593360782,1.991405515916199,0.3037904093554545,3.792021706810229,0
2830.0,0.021718275066723428,0.5421387117333955,0.66978694264759,5.966645370157323,0.008834600014852917,0.22078702587702256,0.01772299967953495,0.44308080143725254,3.9867538235137037,1.9914029076790731,0.3037908802452801,3.792429538967303,1
2840.0,0.02172481372811515,0.542302329020023,0.6697832834941765,5.966608358328385,0.00883522363730856,0.22080262038158646,0.017722953211790463,0.443079639559145,3.986734159377968,1.991400299835497,0.3037913511126627,3.7928372847194556,1
2850.0,0.021731351186140686,0.5424659161725589,0.6697796244767126,5.9665713479132805,0.008835847228227636,0.22081821409753613,0.01772290674552657,0.44307847771803854,3.9867145665626382,1.9913976923841632,0.30379182195762194,3.7932449440992526,1
2860.0,0.02173788744120152,0.5426294732011687,0.669775965595199,5.966534338912006,0.008836470787611744,0.22083380702491162,0.017722860280743446,0.4430773159139376,3.986695044703666,1.991395085323754,0.30379229278017816,3.7936525171391846,1
2870.0,0.021744422493697974,0.5427930001159877,0.6697723068496362,5.966497331324555,0.008837094315462486,0.22084939916375293,0.017722813817441258,0.4430761541468466,3.9866755934391884,1.9913924786529407,0.3037927635803523,3.7940600038716665,1
2880.0,0.02175095634402916,0.5429564969271206,0.6697686482400248,5.966460325150923,0.008837717811781463,0.22086499051410002,0.017722767355620176,0.44307499241676995,3.986656212409526,1.9913898723703838,0.30379323435816596,3.794467404329037,0
2890.0,0.02175748899259301,0.5431199636446415,0.6697649897663654,5.966423320391104,0.008838341276570275,0.22088058107599298,0.01772272089528038,0.44307383072371204,3.986636901257184,1.991387266474733,0.3037937051136414,3.7948747185435567,1
2900.0,0.02176402043978626,0.5432834002785942,0.6697613314286587,5.966386317045092,0.00883896470983052,0.22089617084947172,0.017722674436422035,0.44307266906767734,3.986617659626852,1.9913846609646275,0.3037941758468015,3.795281946547413,1
2910.0,0.02177055068600447,0.5434468068389919,0.6697576732269052,5.9663493151128835,0.0088395881115638,0.2209117598345763,0.017722627979045318,0.4430715074486701,3.986598487165405,1.9913820558386959,0.30379464655766975,3.7956890883727126,0
2920.0,0.021777079731641998,0.5436101833358176,0.6697540151611054,5.966312314594472,0.008840211481771715,0.22092734803134673,0.017722581523150403,0.44307034586669486,3.9865793835219017,1.9913794510955556,0.3037951172462703,3.79609614405149,0
2930.0,0.021783607577092017,0.5437735297790234,0.6697503572312602,5.966275315489852,0.008840834820455865,0.22094293543982296,0.017722535068737458,0.443069184321756,3.9865603483475858,1.9913768467338133,0.30379558791262784,3.7965031136157013,1
2940.0,0.021790134222746508,0.5439368461785311,0.66974669943737,5.966238317799018,0.00884145812761785,0.22095852206004504,0.017722488615806657,0.44306802281385793,3.986541381295885,1.9913742427520653,0.3037960585567679,3.7969099970972287,0
2950.0,0.021796659668996268,0.5441001325442322,0.6697430417794353,5.966201321521966,0.00884208140325927,0.2209741078920529,0.017722442164358174,0.44306686134300505,3.9865224820224117,1.9913716391488971,0.3037965291787165,3.797316794527874,1
2960.0,0.021803183916230897,0.5442633888859874,0.6697393842574568,5.9661643266586895,0.008842704647381723,0.22098969293588663,0.017722395714392183,0.44306569990920175,3.986503650184963,1.9913690359228833,0.3037969997785003,3.7977235059393686,1
2970.0,0.021809706964838815,0.5444266152136272,0.6697357268714352,5.966127333209183,0.00884332785998681,0.22100527719158608,0.01772234926590885,0.4430645385124525,3.986484885443521,1.9913664330725878,0.3037974703561466,3.7981301313633624,1
2980.0,0.021816228815207245,0.5445898115369516,0.669732069621371,5.966090341173441,0.008843951041076131,0.22102086065919133,0.01772230281890835,0.44306337715276156,3.9864661874602514,1.9913638305965637,0.30379794091168344,3.798536670831432,0
2990.0,0.021822749467722224,0.54475297786573,0.6697284125072648,5.9660533505514595,0.008844574190651286,0.2210364433387424,0.017722256373390855,0.44306221583013355,3.9864475558995047,1.9913612284933535,0.30379841144513936,3.7989431243750778,1
3000.0,0.0218292689227686,0.5449161142097012,0.6697247555291171,5.966016361343231,0.008845197308713871,0.22105202523027911,0.017722209929356542,0.4430610545445728,3.9864289904278163,1.991358626761489,0.3037988819565436,3.799349492025723,1
3010.0,0.021835787180730027,0.5450792205785739,0.6697210986869286,5.965979373548752,0.008845820395265491,0.22106760633384162,0.01772216348680558,0.4430598932960837,3.9864104907139057,1.991356025399491,0.303799352445926,3.7997557738147174,0
3020.0,0.021842304241988977,0.5452422969820261,0.6697174419806999,5.965942387168016,0.00884644345030774,0.2210831866494698,0.017722117045738138,0.4430587320846706,3.986392056428677,1.9913534244058697,0.3037998229133171,3.800161969773331,0
3030.0,0.021848820106926726,0.5454053434297051,0.6697137854104316,5.965905402201018,0.00884706647384222,0.22109876617720367,0.017722070606154397,0.44305757091033804,3.9863736872452193,1.9913508237791249,0.303800293358748,3.800568079932759,1
3040.0,0.021855334775923368,0.5455683599312283,0.6697101289761243,5.9658684186477515,0.00884768946587053,0.22111434491708318,0.017722024168054518,0.44305640977309035,3.9863553828388056,1.9913482235177449,0.30380076378225046,3.800974104324122,0
3050.0,0.021861848249357798,0.5457313464961822,0.6697064726777784,5.965831436508212,0.008848312426394268,0.22112992286914832,0.017721977731438684,0.44305524867293206,3.9863371428868937,1.9913456236202078,0.30380123418385696,3.801380042978463,0
3060.0,0.021868360527607728,0.5458943031341227,0.6697028165153946,5.965794455782395,0.008848935355415033,0.22114550003343905,0.01772193129630706,0.4430540876098674,3.986318967069126,1.9913430240849812,0.30380170456360045,3.801785895926751,1
3070.0,0.02187487161104968,0.5460572298545755,0.6696991604889736,5.965757476470293,0.008849558252934426,0.2211610764099953,0.017721884862659822,0.44305292658390094,3.9863008550673293,1.9913404249105213,0.30380217492151473,3.802191663199877,0
3080.0,0.021881381500058986,0.546220126667036,0.6696955045985158,5.965720498571903,0.008850181118954043,0.22117665199885708,0.017721838430497138,0.44305176559503706,3.9862828065655145,1.9913378260952739,0.30380264525763406,3.8025973448286567,1
3090.0,0.021887890195009786,0.5463829935809685,0.669691848844022,5.965683522087217,0.008850803953475485,0.22119222680006437,0.017721791999819186,0.4430506046432801,3.986264821249878,1.9913352276376741,0.30380311557199335,3.8030029408438297,0
3100.0,0.021894397696275037,0.5465458306058075,0.6696881932254926,5.965646547016231,0.00885142675650035,0.22120780081365704,0.017721745570626137,0.4430494437286346,3.9862468988088002,1.9913326295361464,0.30380358586462824,3.8034084512760598,1
3110.0,0.021900904004226503,0.5467086377509567,0.6696845377429282,5.96560957335894,0.008852049528030237,0.22122337403967512,0.01772169914291816,0.44304828285110487,3.9862290389328456,1.991330031789104,0.30380405613557493,3.803813876155936,1
3120.0,0.021907409119234753,0.5468714150257891,0.6696808823963296,5.965572601115336,0.008852672268066741,0.22123894647815856,0.01772165271669543,0.44304712201069535,3.986211241314764,1.99132743439495,0.3038045263848703,3.8042192155139682,1
3130.0,0.02191391304166918,0.5470341624396476,0.6696772271856971,5.965535630285417,0.008853294976611466,0.2212545181291473,0.017721606291958118,0.4430459612074106,3.986193505649489,1.9913248373520764,0.30380499661255184,3.804624469380595,1
3140.0,0.02192041577189797,0.5471968800018447,0.6696735721110315,5.965498660869175,0.008853917653666006,0.22127008899268127,0.017721559868706396,0.44304480044125477,3.9861758316341396,1.9913222406588647,0.3038054668186577,3.805029637786175,1
3150.0,0.02192691731028814,0.5473595677216619,0.6696699171723332,5.965461692866605,0.008854540299231963,0.22128565906880046,0.01772151344694044,0.4430436397122326,3.986158218968019,1.9913196443136851,0.3038059370032266,3.805434720760995,0
3160.0,0.021933417657205495,0.5475222256083507,0.6696662623696029,5.965424726277702,0.008855162913310932,0.22130122835754476,0.017721467026660415,0.44304247902034827,3.986140667352614,1.9913170483148979,0.30380640716629803,3.8058397183352595,1
3170.0,0.021939916813014673,0.547684853671132,0.6696626077028411,5.96538776110246,0.008855785495904512,0.22131679685895417,0.017721420607866502,0.44304131836560623,3.9861231764915965,1.9913144526608517,0.30380687730791195,3.8062446305391044,0
3180.0,0.02194641477807911,0.547847451919196,0.6696589531720485,5.965350797340874,0.008856408047014302,0.22133236457306862,0.017721374190558865,0.443040157748011,3.986105746090824,1.9913118573498856,0.30380734742810905,3.8066494574025866,1
3190.0,0.021952911552761047,0.5480100203617029,0.6696552987772255,5.965313834992939,0.0088570305666419,0.221347931499928,0.01772132777473768,0.44303899716756695,3.9860883758583374,1.9913092623803268,0.30380781752693065,3.8070541989556874,1
3200.0,0.021959407137421554,0.5481725590077818,0.6696516445183729,5.965276874058647,0.008857653054788903,0.22136349763957233,0.01772128136040312,0.4430378366242785,3.986071065504362,1.9913066677504923,0.30380828760441875,3.80745885522831,0
3210.0,0.021965901532420493,0.5483350678665319,0.669647990395491,5.965239914537995,0.008858275511456909,0.22137906299204146,0.017721234947555356,0.44303667611815006,3.986053814741308,1.991304073458688,0.3038087576606159,3.807863426250287,0
3220.0,0.021972394738116546,0.5484975469470216,0.6696443364085807,5.965202956430978,0.008858897936647516,0.22139462755737535,0.01772118853619456,0.4430355156491861,3.9860366232837703,1.9913014795032098,0.30380922769556523,3.80826791205137,0
3230.0,0.02197888675486721,0.5486599962582889,0.6696406825576423,5.965165999737587,0.008859520330362322,0.221410191335614,0.017721142126320907,0.443034355217391,3.986019490848528,1.9912988858823422,0.30380969770931077,3.8086723126612396,1
3240.0,0.021985377583028782,0.5488224158093412,0.6696370288426765,5.96512904445782,0.008860142692602924,0.22142575432679718,0.017721095717934565,0.4430331948227692,3.9860024171545447,1.9912962925943591,0.30381016770189684,3.8090766281094957,0
3250.0,0.021991867222956374,0.5489848056091559,0.6696333752636839,5.965092090591669,0.00886076502337092,0.22144131653096497,0.017721049311035707,0.4430320344653252,3.985985401922969,1.9912936996375237,0.30381063767336874,3.8094808584256676,1
3260.0,0.021998355675003908,0.5491471656666791,0.669629721820665,5.965055138139129,0.008861387322667906,0.22145687794815724,0.017721002905624506,0.44303087414506326,3.985968444877134,1.9912911070100887,0.30381110762377206,3.8098850036392053,1
3270.0,0.022004842939524122,0.5493094959908271,0.6696260685136204,5.965018187100196,0.008862009590495483,0.22147243857841387,0.017720956501701135,0.443029713861988,3.985951545742556,1.9912885147102954,0.30381157755315336,3.810289063779483,0
3280.0,0.022011329016868558,0.5494717965904857,0.6696224153425507,5.964981237474863,0.008862631826855245,0.22148799842177483,0.017720910099265765,0.44302855361610366,3.9859347042469375,1.9912859227363753,0.3038120474615596,3.810693038875802,1
3290.0,0.022017813907387572,0.5496340674745098,0.6696187623074564,5.964944289263125,0.008863254031748789,0.22150355747828004,0.017720863698318566,0.4430273934074148,3.9859179201201647,1.991283331086548,0.3038125173490384,3.8110969289573875,0
3300.0,0.022024297611430328,0.5497963086517242,0.6696151094083382,5.964907342464975,0.008863876205177715,0.22151911574796937,0.017720817298859718,0.4430262332359258,3.9859011930943087,1.9912807397590238,0.30381298721563815,3.8115007340533866,1
3310.0,0.02203078012885314,0.549958520118691,0.6696114566447288,5.964870397076358,0.008864498347143052,0.22153467323088155,0.017720770900864897,0.4430250731008273,3.9858845227340636,1.9912781516339613,0.30381345703686047,3.811904454162704,1
3320.0,0.022037261460457425,0.5501207018954843,0.6696078040170612,5.964833453101013,0.008865120457646924,0.22155022992705764,0.017720724504356918,0.44302391300287625,3.9858679089326587,1.9912755640446667,0.3038139268354532,3.8123080893422356,0
3330.0,0.022043741606590082,0.5502828539908703,0.6696041515253375,5.964796510538946,0.008865742536690925,0.2215657858365375,0.01772067810933602,0.44302275294207916,3.9858513514291682,1.9912729769816784,0.3038143966115317,3.812711639620985,0
3340.0,0.02205022056759443,0.5504449764135242,0.669600499169557,5.964759569390143,0.008866364584276653,0.22158134095936105,0.017720631715802324,0.44302159291843873,3.985834849964025,1.991270390449548,0.3038148663650924,3.8131151050277285,1
3350.0,0.022056698343812586,0.5506070691720911,0.6695968469497192,5.964722629654588,0.008866986600405701,0.2215968952955682,0.017720585323755943,0.44302043293195764,3.9858184042798426,1.9912678044528944,0.3038153360961318,3.813518485591172,0
3360.0,0.02206317493558546,0.550769132275185,0.6695931948658237,5.964685691332267,0.008867608585079668,0.22161244884519885,0.017720538933196996,0.4430192729826383,3.9858020141214134,1.9912652189964066,0.30381580580464623,3.8139217813399418,1
3370.0,0.02206965034325277,0.550931165731389,0.6695895429178701,5.964648754423164,0.008868230538300145,0.22162800160829282,0.0177204925441256,0.4430181130704834,3.9857856792357116,1.991262634084841,0.303816275490632,3.814324992302589,1
3380.0,0.022076124567153015,0.5510931695492557,0.6695858911058576,5.964611818927266,0.00886885246006873,0.22164355358489013,0.017720446156541867,0.44301695319549544,3.985769399371889,1.9912600497230224,0.3038167451540855,3.8147281185075874,1
3390.0,0.022082597607623503,0.5512551437373064,0.6695822394297859,5.964574884844557,0.008869474350387018,0.22165910477503056,0.017720399770445913,0.4430157933576769,3.9857531742812777,1.9912574659158442,0.30381721479500307,3.815131159983336,0
3400.0,0.022089069465000336,0.5514170883040322,0.6695785878896543,5.96453795217502,0.008870096209256604,0.22167465517875407,0.017720353385837852,0.4430146335570304,3.985737003717392,1.9912548826682688,0.3038176844133808,3.815534116758156,1
3410.0,0.02209554013961841,0.5515790032578929,0.6695749364854624,5.964501020918641,0.008870718036679081,0.2216902047961005,0.017720307002717796,0.44301347379355827,3.985720887435923,1.9912522999853262,0.303818154009215,3.8159369888602916,1
3420.0,0.022102009631811425,0.5517408886073176,0.6695712852172094,5.964464091075405,0.008871339832656047,0.2217057536271098,0.017720260621085858,0.443012314067263,3.9857048251947433,1.9912497178721156,0.3038186235825018,3.8163397763179137,0
3430.0,0.022108477941911866,0.5519027443607047,0.669567634084895,5.964427162645295,0.008871961597189094,0.22172130167182175,0.01772021424094215,0.4430111543781471,3.9856888167539055,1.991247136333804,0.3038190931332373,3.8167424791591147,0
3440.0,0.02211494507025103,0.5520645705264219,0.6695639830885182,5.964390235628297,0.008872583330279819,0.22173684893027631,0.017720167862286782,0.44300999472621294,3.9856728618756407,1.9912445553756273,0.30381956266141763,3.8171450974119137,1
3450.0,0.022121411017159007,0.5522263671128056,0.6695603322280788,5.964353310024394,0.008873205031929815,0.22175239540251335,0.017720121485119866,0.4430088351114629,3.9856569603243615,1.9912419750028898,0.3038200321670388,3.817547631104248,1
3460.0,0.02212787578296467,0.5523881341281619,0.6695566815035758,5.96431638583357,0.008873826702140677,0.22176794108857273,0.01772007510944151,0.44300767553389925,3.9856411118666593,1.991239395220964,0.3038205016500968,3.817950080263984,1
3470.0,0.02213433936799571,0.5525498715807659,0.6695530309150088,5.964279463055808,0.008874448340913998,0.22178348598849432,0.017720028735251823,0.44300651599352453,3.985625316271306,1.9912368160352911,0.30382097111058765,3.8183524449189092,0
3480.0,0.022140801772578603,0.5527115794788617,0.6695493804623771,5.964242541691094,0.008875069948251374,0.22179903010231797,0.017719982362550915,0.4430053564903409,3.9856095733092527,1.9912342374513807,0.30382144054850724,3.8187547250967375,0
3490.0,0.02214726299703862,0.5528732578306629,0.6695457301456801,5.96420562173941,0.0088756915241544,0.2218145734300836,0.017719935991338892,0.44300419702435073,3.985593882753631,1.991231659474811,0.3038219099638515,3.8191569208251015,0
3500.0,0.022153723041699838,0.5530349066443522,0.6695420799649169,5.96416870320074,0.008876313068624669,0.221830115971831,0.017719889621615862,0.4430030375955563,3.985578244379752,1.9912290821112282,0.30382237935661627,3.819559032131564,1
3510.0,0.022160181906885127,0.5531965259280812,0.6695384299200868,5.964131786075067,0.008876934581663774,0.22184565772760012,0.01771984325338193,0.4430018782039599,3.9855626579651062,1.9912265053663474,0.3038228487267974,3.819961059043609,1
3520.0,0.022166639592916152,0.5533581156899712,0.6695347800111894,5.964094870362376,0.008877556063273312,0.22186119869743076,0.0177197968866372,0.44300071884956366,3.9855471232893653,1.9912239292459517,0.30382331807439056,3.8203630015886425,1
3530.0,0.02217309610011338,0.5535196759381122,0.6695311302382236,5.964057956062648,0.008878177513454872,0.2218767388813628,0.017719750521381784,0.4429995595323699,3.98553164013438,1.9912213537558934,0.3038237873993916,3.820764859793996,1
3540.0,0.022179551428796067,0.5536812066805639,0.6695274806011889,5.964021043175867,0.008878798932210052,0.2218922782794361,0.017719704157615777,0.4429984002523808,3.985516208284181,1.9912187789020925,0.30382425670179614,3.8211666336869268,1
3550.0,0.022186005579282273,0.5538427079253545,0.6695238311000845,5.963984131702016,0.008879420319540443,0.22190781689169053,0.01771965779533929,0.4429972410095984,3.985500827524979,1.991216204690538,0.30382472598159993,3.8215683232946143,0
3560.0,0.022192458551888856,0.554004179680482,0.6695201817349097,5.963947221641078,0.008880041675447642,0.22192335471816593,0.01771961143455242,0.44299608180402505,3.9854854976451635,1.9912136311272868,0.30382519523879853,3.8219699286441604,0
3570.0,0.022198910346931465,0.5541656219539133,0.6695165325056635,5.963910312993035,0.008880662999933238,0.22193889175890213,0.017719565075255277,0.44299492263566276,3.9854702184353052,1.9912110582184648,0.3038256644733875,3.822371449762594,0
3580.0,0.022205360964724554,0.5543270347535845,0.6695128834123452,5.96387340575787,0.008881284292998828,0.22195442801393897,0.017719518717447952,0.44299376350451364,3.9854549896881544,1.991208485970266,0.30382613368536243,3.8227728866768658,1
3590.0,0.022211810405581366,0.554488418087401,0.6695092344549541,5.963836499935566,0.008881905554646003,0.22196996348331638,0.017719472361130556,0.44299260441057975,3.985439811198641,1.991205914388953,0.3038266028747188,3.8231742394138513,0
3600.0,0.02221825866981394,0.5546497719632373,0.6695055856334893,5.963799595526105,0.008882526784876358,0.22198549816707408,0.01771942600630318,0.44299144535386314,3.9854246827638753,1.9912033434808567,0.30382707204145215,3.8235755080003506,1
