snr,scenario_encoded,biosensor_type_encoded,noise_preset_encoded,detection_rate,fnr,ttd
12.54136234617454,2,3,0,1.0,0.0804351921267963,2258.33258499016
3.762643206200816,2,2,0,1.0,0.1167575411500231,391.3187651133525
23.77542488559222,1,3,2,1.0,0.0139543261510658,2826.522153525671
23.84411542562015,2,0,2,0.997229916897507,0.0,333.5717618074061
21.981714196850287,2,3,2,1.0,0.058970539649254,579.4770043669074
20.10201588172297,0,3,2,1.0,0.0256650288017379,886.0334045828444
23.758523527334823,0,2,2,1.0,0.0437010282830783,2520.015917740297
13.214417197338848,0,1,0,1.0,0.0513121584731075,3053.2685557354603
16.307721780456564,1,3,2,1.0,0.0037577990054502,3502.664602187528
14.726236854655692,1,2,0,1.0,0.0134847312325639,770.1491127876537
16.993490490153594,2,1,2,1.0,0.0457925446659943,76.53413935764975
21.671181445764848,1,2,2,1.0,0.0051262542652189,1817.5644083462355
18.41466406532751,0,1,2,1.0,0.0809283957843936,2744.199516674142
21.9140829154038,0,3,2,1.0,0.0634851903998604,155.65808296847135
23.48072253500588,1,2,2,1.0,0.0092700313233437,1062.852750920877
17.35181202267474,2,1,0,1.0,0.0393052736810898,3155.2467828263675
16.56897800884183,2,2,0,1.0,0.0468118046287286,3916.531783319053
17.65960043611611,0,1,0,1.0,0.047351975608301,1901.4953655427787
17.002107213750442,1,1,0,1.0,0.0135991099974748,3797.8143652119375
17.16988591041354,0,3,2,1.0,0.0679215549885938,1927.8884934380908
16.607863026141466,1,3,2,1.0,0.0123874965714696,1422.455871121564
-4.122596614567627,1,3,0,0.997229916897507,0.0023409858817021,7146.327909674263
6.594933098363168,0,2,2,1.0,0.0745711437215513,4798.628294343051
17.843694210676993,1,0,0,0.997229916897507,0.0188405055381819,3596.290061905326
23.4570276085432,2,2,2,1.0,0.0058762848628505,3728.981391767753
22.267100380137197,1,0,2,1.0,0.0387560728796017,3516.6897367281904
22.0276354607706,1,1,2,1.0,0.0068220532744367,3770.406409219566
4.637053493856544,2,1,2,1.0,0.0924583981817501,4509.574884532438
23.03566217007854,0,0,2,0.997229916897507,0.0280882416222559,2020.765062465003
8.897275959799236,0,1,2,1.0,0.0701402155268384,973.682768903325
9.278018396439975,0,1,2,0.997229916897507,0.0508388720899225,716.7457633645488
17.900167730772445,2,3,2,1.0,0.0782628044294855,428.209862343524
4.365737691141182,2,1,0,1.0,0.0941652002784202,6234.319194634761
38.659667101426216,2,1,1,1.0,0.0,1162.0566355508029
17.800825677986992,0,0,2,1.0,0.0596038566298406,3125.194932496784
22.99843934562803,1,2,2,1.0,0.0081358942732072,2903.0971162235373
11.981996182886158,0,1,0,1.0,0.0396267424333913,3031.33568672572
39.01797663678393,0,1,1,1.0,0.0124943831133316,1091.6725650867768
3.1935026806228746,0,1,0,1.0,0.0124557668489739,80.9516360121093
23.869076266275147,2,0,2,0.997229916897507,0.0099188038809497,2743.991367076868
9.481173464167265,1,2,2,1.0,0.0045723608510485,3935.49247750053
23.915122731346948,2,0,1,1.0,0.009088275763754,3545.365160837992
9.608738751759802,0,1,2,0.997229916897507,0.0389252424435237,1763.7513622320562
21.363864087411045,0,1,2,1.0,0.0024862324445374,1970.8603580663585
16.452972898718595,0,3,0,1.0,0.0593453562702298,3146.940658174466
15.520424776758375,1,3,0,1.0,0.0021599614287535,3049.4129404477867
22.443455520968428,2,3,2,1.0,0.0439054016709805,3151.1913664116323
19.336395467390474,2,0,2,1.0,0.0189174395052213,1102.4374427902872
15.95845185631272,0,3,2,1.0,0.0978003031256505,76.90131692442851
17.885875284106397,0,0,0,0.997229916897507,0.0629864787643786,1512.474379006746
13.770442009345,0,0,2,0.997229916897507,0.0571442175655839,3127.2144981846823
39.43799930383002,0,0,1,1.0,0.0101628732885947,1572.3168632703257
7.535565658794482,2,0,0,0.997229916897507,0.0803551042094299,3400.098528358709
17.046394829955194,0,2,0,1.0,0.0144092385703505,3046.944568133525
0.4706513401204182,1,0,0,1.0,0.0098385700162988,7139.562960305091
17.03234137287829,0,2,0,1.0,0.0550982732750964,911.9132596257556
21.185096745951665,1,2,2,1.0,0.0198148004585763,2545.494303773449
22.324081597677715,0,2,2,1.0,0.0002767548249245,3463.6115799548074
-1.424033299646334,0,2,0,1.0,0.121263985595622,5639.839663128409
16.576500350486974,1,2,0,1.0,0.0145065702264664,338.78726983330057
3.146680292761906,0,0,0,1.0,0.1035445073450875,2650.575848715046
38.90249668558974,0,2,1,1.0,0.0156723900360326,263.53363442310416
23.44613505479866,2,3,2,1.0,0.0,1627.307466505221
10.24517181691408,0,1,2,0.997229916897507,0.055393662389008,686.823829152465
23.092252759096937,2,0,2,0.997229916897507,0.0147317181543717,3461.2259244282936
11.701033716877149,2,0,0,1.0,0.0336212216989211,3601.3509525390605
38.90144210841739,1,2,1,1.0,0.0181273090555784,1784.051104920654
16.840737250600238,1,3,2,1.0,0.0925130171234265,770.8285847948684
23.61612041777181,2,3,2,1.0,0.0381273129630639,3290.2098419635863
11.278851958103068,2,0,2,0.997229916897507,0.0079125896156947,3561.579477939565
10.371691210386109,0,0,2,1.0,0.0684637381113248,3527.555624152438
24.162284675888287,0,1,2,1.0,0.0481305473132374,1040.1882640580998
17.955583807404437,0,1,2,1.0,0.0763022316411475,1215.7398363162404
22.54213172442954,2,3,2,1.0,0.0266451059509153,477.6384955655332
21.981263153070977,2,1,2,1.0,0.0291912763099694,3260.4099232121243
8.770840895762497,2,1,2,1.0,0.0698358115257577,4523.021523032327
17.496977619332455,0,0,0,0.997229916897507,0.0670952119154206,966.256258216072
37.53806464567749,0,3,1,1.0,0.0139257485518802,1306.036468661013
13.36177466424648,0,3,2,1.0,0.0443110699625121,2468.956698716903
28.05914723305875,1,3,1,1.0,0.0136029881025635,1821.888941083816
16.539904919875593,0,2,2,1.0,0.0356190016137908,683.5615573867055
27.80315757460328,2,1,1,1.0,0.0,3128.9721758597366
2.9175185163827155,0,3,0,1.0,0.0879527853146646,2240.878602533227
-4.22756045445886,2,0,2,0.997229916897507,0.112079608988552,3886.109267595388
23.55868776056896,2,2,2,1.0,0.0519811031201452,3354.9341509527726
22.21724881902669,1,0,2,0.997229916897507,0.0027899037490623,1141.78682566488
17.638324831284574,0,3,0,1.0,0.0518608967848425,1715.827862087909
30.56572186013474,1,0,1,0.997229916897507,0.0189022291003798,284.3783439931303
16.82228944365348,0,0,0,1.0,0.0381911508877974,166.9572469621764
6.510863656763128,2,2,2,1.0,0.0960984063643711,5002.281909750398
7.709640834416147,0,1,2,1.0,0.0150749870881105,2634.2882837533434
40.04589643981461,2,2,1,1.0,0.032770665391641,260.939652623473
15.086939409631022,2,2,0,1.0,0.0454903359321103,890.7443491907406
21.53379984773373,1,3,2,1.0,0.0013734258892197,230.14783433653264
17.387233129687797,1,1,0,1.0,0.0166614195636974,493.0591934501525
16.69564170688664,2,0,2,0.997229916897507,0.0650233418337158,2214.005924404726
8.381649182404779,2,1,2,1.0,0.0934454195645356,4263.4024455488125
37.74415484914124,2,3,1,1.0,0.0402813883875694,2992.0378125993066
23.952501396013023,2,3,2,1.0,0.0587636166825792,1202.5843376001983
39.27552009731839,1,2,1,1.0,0.0116785751863953,992.6821243891842
38.127647138629904,2,2,1,1.0,0.0034003252726528,493.67742333416527
23.741127777488646,1,3,2,1.0,0.0259679776561404,347.8733249371941
11.258900512344654,0,2,2,1.0,0.0622202845636286,3091.8865613892112
26.086940077263037,1,0,1,1.0,0.0168599761267944,2413.252877944816
13.727156123416131,2,0,2,1.0,0.0882817790599524,2428.4122845922493
15.605603734507191,1,0,0,1.0,0.0144271409509827,385.3676017396243
17.87263950416439,1,0,0,1.0,0.0014804173037686,3342.738475999614
-0.5874527298724748,1,3,2,1.0,0.0063679461332932,6168.097620982718
15.560683106808916,2,3,0,1.0,0.0668475838211851,976.3038017610014
39.913344740567865,1,0,1,1.0,0.0011382874240094,3494.752549467549
15.342840135162977,2,0,0,1.0,0.0249811268594648,3041.385696266996
17.260167372817925,2,2,2,1.0,0.0278895306726574,460.3022708444457
38.610930408632775,1,2,1,1.0,0.0040370176655193,2354.358584474749
-3.6172154905527862,1,3,0,1.0,0.0157837901847695,4629.917542778169
21.960818640196457,2,3,2,1.0,0.0219775035832635,3708.12023293964
14.585310047983786,2,1,0,1.0,0.0221114892589249,1018.668431068984
-18.44609151891901,2,0,0,0.997229916897507,0.1225707292566386,2265.4675242476665
39.06382229608611,1,3,1,1.0,0.0314203796183233,174.66957220034587
31.030582304748684,0,2,1,1.0,0.0,1263.301730868384
8.191021728262239,2,1,0,1.0,0.0699726458230634,276.22877251195627
1.015064653084521,2,0,0,1.0,0.087677925316956,971.9326391869891
17.814605388627506,0,3,0,1.0,0.0336572274668394,2768.1661029754123
35.17782282363986,1,3,1,1.0,0.0188984581851618,771.5955051613238
17.332813617048032,0,2,0,1.0,0.0777265958768498,3836.4390228941807
-6.235458235798439,2,2,0,1.0,0.1424907245015945,4448.206711194791
-1.1133098057566366,2,1,2,0.997229916897507,0.1274230702175742,6331.234567337999
37.05055561185447,2,3,1,1.0,0.0616029265082917,1779.3631458125644
11.750910548824825,1,2,0,1.0,0.0067435899362468,4651.166254809016
21.51005826156468,0,2,2,1.0,0.0178167829448308,280.7517214479029
39.12956553839432,2,3,1,1.0,0.0299529217313314,2499.736466298103
4.82881466438519,1,2,2,1.0,0.1164662802772181,4243.449180888643
19.070177054271127,0,0,2,0.997229916897507,0.0489045274301779,539.5679520729707
3.300018367648426,2,2,0,1.0,0.119050398087077,757.6083814761422
11.047185047945318,2,1,0,1.0,0.0410365754652913,1388.1649869084054
2.759906039397266,1,2,2,1.0,0.0168759281725341,5231.863466917966
20.123234101820103,2,3,2,1.0,0.0175157400691312,1714.5806898168053
19.967736237521407,1,2,1,1.0,0.0019127371778654,1324.5342836387813
15.80871215958926,1,2,0,1.0,0.0198899533595704,1473.4228549665477
-59.40139487634748,2,1,0,0.9722991689750693,0.1340355063801719,3350.693790243826
37.9666811193142,1,3,1,1.0,0.007058548209136,1516.4002601403645
17.378508988256314,0,1,2,1.0,0.0269802618158447,1603.4530476565808
20.726593038069737,2,3,2,1.0,0.0043903200328451,2918.9969183336257
-15.420800895164838,1,1,0,1.0,0.0017326584744453,7490.400422343573
22.46411627603728,0,3,2,1.0,0.0014233601994888,2883.338233290446
40.10646056010592,0,1,1,1.0,0.013557789286623,2417.1698174443964
21.363088624494363,2,1,2,1.0,0.0245205597238841,83.47821253763709
19.95741220639188,1,0,2,1.0,0.0016212107607392,3408.607692885144
14.758059895496142,2,0,2,1.0,0.0502434052497939,1511.281412916881
21.70415820272347,0,0,2,0.997229916897507,0.0157274738165184,1883.9412704324343
17.59063682671252,1,2,0,1.0,0.0138997456824966,773.9033700274874
38.50063103038699,2,1,1,1.0,0.0298016549065684,2210.3366345899144
21.01275443426829,2,3,2,1.0,0.0337490614740948,1567.1465605052604
-2.864885032477116,1,1,0,1.0,0.0085941315193556,5089.519308589535
18.18084860937191,0,0,2,0.997229916897507,0.0467208733370507,2339.609512757608
39.310022502392016,2,0,1,0.997229916897507,0.0094784280149235,3315.9157330790035
-2.0096080174441537,0,0,2,0.997229916897507,0.1428587446117836,282.6343141126804
11.10386209092481,2,0,2,0.997229916897507,0.0558383989076298,4448.658875865205
19.97854238635513,1,3,2,1.0,0.0117428097240417,2777.463143857822
17.335692467718435,2,0,0,1.0,0.0168953327285266,2801.0791656008773
16.998689185294126,2,1,0,1.0,0.0307024741891919,143.24834807204678
16.99529571857181,1,1,0,1.0,0.018151822087224,2893.5559607671216
12.570435106404814,1,2,0,1.0,0.0146424121542429,3377.758701562219
19.09170994613726,2,1,2,1.0,0.09172626842689,285.34880847481213
21.48806235361084,0,0,2,1.0,0.0144238934733298,2262.235896083638
29.559613390504435,0,2,1,1.0,0.0195865078194158,1162.8592034072756
18.30671590715032,0,0,2,0.997229916897507,0.0860615996438646,2277.955879633468
9.251929343783477,2,2,0,1.0,0.0752579541753591,3966.559484799413
9.695339847959056,2,1,2,1.0,0.0448693783629343,2078.563607939818
19.35492329865959,0,2,2,1.0,0.0683750437109236,2114.860594456777
12.470493649097278,2,0,0,1.0,0.0455399066290601,289.9375269810076
-5.317324435094209,0,1,0,1.0,0.1254380641575453,2286.163578200061
23.39540774512196,2,3,2,1.0,0.0440404218479106,779.154306599179
-1.57281182083695,1,3,0,1.0,0.0112338458464621,1341.1471611797565
10.37010669561697,0,3,0,1.0,0.0703284112333918,142.85251625621422
32.16114004373757,2,3,1,1.0,0.0141192848812703,3095.1571417036057
12.01220978739846,2,3,0,1.0,0.0278963724084546,457.4735785748769
8.809273303456354,1,1,0,1.0,0.0144000693512513,1330.652385160012
32.46442175956367,0,1,1,1.0,0.0064479908042871,307.25736554368353
16.827871685682272,1,3,2,1.0,0.0816873790765053,2770.8613410573366
32.378844720664745,0,0,1,0.997229916897507,0.0052810523371605,1181.3820238734845
2.7436778972040186,2,3,2,1.0,0.1085370545205977,4178.646800674389
16.908068432919155,0,2,0,1.0,0.0364155625790548,2912.8380897330994
23.47299681441698,0,3,2,1.0,0.0143566692227745,2575.11174673636
21.554578817497838,1,2,2,1.0,0.011974844767134,1170.5151823348451
3.25084757420065,1,3,2,1.0,0.0139760984827859,1607.8145383797691
17.905753792049484,0,0,0,0.997229916897507,0.0324473812807704,1063.1331581445097
23.378534411930623,1,0,2,1.0,0.0189972529771031,1191.5389473221076
13.4059256364844,0,2,0,1.0,0.0287124786594492,3139.693210037815
38.92078472992657,0,1,1,1.0,0.0,2842.140577840654
21.38232101207136,1,2,2,1.0,0.0132115726450681,1830.55033757845
16.338015746541615,2,2,2,1.0,0.0843349305449273,1277.8573298234069
19.621839626729127,0,0,2,1.0,0.0537086346487371,1278.5642124345577
38.797071290969015,0,3,1,1.0,0.0037816804981915,3255.0081270173537
-4.423792796246991,2,2,0,1.0,0.1310173027609911,1674.6235948901508
20.05127274683823,0,1,2,1.0,0.0,2080.2810161570383
4.418013008847165,2,1,2,1.0,0.102814019036985,1097.3666529470645
14.508351187554126,1,3,2,1.0,0.0111125175743534,1185.0925944731025
36.0870902696786,1,0,1,0.997229916897507,0.0053124833430273,1699.183064418847
19.0530558832444,2,1,2,1.0,0.0416946404193859,2125.539214217657
20.499711921037417,2,1,2,1.0,0.0236883230409496,3683.345816905567
21.99491472440617,2,3,2,1.0,0.021118373763541,1781.5335951130346
23.5895496099162,0,3,2,1.0,0.0,3157.067132069832
18.233192218556784,0,2,0,1.0,0.0511025926615019,2486.8476323843065
21.50981622319971,1,3,2,1.0,0.0130009809533389,1843.8856792598945
39.86242406149893,2,3,1,1.0,0.0,408.08419337555017
0.2102159970362662,0,1,0,1.0,0.1054023465815149,87.19698539633806
16.55745888482633,0,0,0,0.997229916897507,0.0194610096498973,1832.6828414933475
2.529917207593825,0,1,0,1.0,0.0789110247377686,4937.242087573373
16.953882542874613,1,1,2,1.0,0.0023954411186508,1700.2951191289756
36.52207201404385,0,1,1,1.0,0.0570267980949898,555.1092127301166
27.778089305194506,0,1,1,0.997229916897507,0.0,2128.6338288922525
17.1885576727333,0,1,2,1.0,0.051638984173215,2061.110179791356
21.23306753867848,2,3,2,1.0,0.0246831369595581,159.3569463168544
15.85783836477348,1,0,2,0.997229916897507,0.0188214815093322,2612.982319220222
17.56041026951696,2,3,0,1.0,0.0120447011654472,2725.4169117422966
18.01445747338316,0,1,2,1.0,0.0213661957077468,1091.3639822091848
19.927729073603523,2,1,2,1.0,0.0751071254844474,1184.121500929103
11.393187179573909,1,1,0,1.0,0.0144974851891355,3042.880751816413
22.98750758714328,2,2,2,1.0,0.0126190850929556,437.5481820479408
-9.286998785997405,0,0,0,0.997229916897507,0.1274758426116564,2979.200734070436
22.23227003488779,2,3,2,1.0,0.0461563914670581,2861.213067952499
21.14540360317119,0,0,2,0.997229916897507,0.0,2444.9469598646688
18.91440911664088,1,1,2,1.0,0.0144164296533521,453.5900533533186
16.87129463383005,0,0,0,1.0,0.0698037376349254,2140.536910134477
23.86400080504,1,3,2,1.0,0.0152851146210293,3395.6780275405617
23.977803616456725,0,2,2,1.0,0.0359203140602908,3126.663721946142
17.39667484538105,2,2,0,1.0,0.0500442756782693,2392.254153483238
13.550147616140713,2,1,0,1.0,0.0425316439844867,2391.8999282139707
6.759829472945325,0,2,0,1.0,0.0605116989702878,2486.120412403251
22.944751875782234,1,1,2,1.0,0.0128188782319856,666.8848463510033
39.6840811822325,0,0,1,0.997229916897507,0.0136739958253143,687.9309199149784
-10.878877530713057,0,1,0,1.0,0.1211789762878529,5842.078779937658
22.391905336237016,1,2,2,1.0,0.0331128651589346,1166.6462396154045
-5.945126828710315,1,1,2,1.0,0.0088419932293212,6870.784352323074
37.49957089070758,0,3,1,1.0,0.0108531421661279,1540.0889483760295
8.721979199978335,0,2,0,1.0,0.1181343685809946,2161.526263669496
22.21229510750172,0,1,2,1.0,0.0,79.12526942063928
15.675349936902238,1,3,0,1.0,0.0143932674323398,3476.6593387447792
17.079643637960967,2,2,2,1.0,0.0286593449540375,3329.5989299919734
23.735611406695934,2,3,2,1.0,0.0605855038850736,3090.233544172617
22.070231049343164,2,1,2,1.0,0.0047302722629256,2580.680992561837
17.831671404073923,0,2,0,1.0,0.0327517136617055,3948.142524790229
34.96491601912184,0,2,1,1.0,0.0261601527168956,1600.1806008447554
3.4721509856450936,0,3,0,1.0,0.1214320663201126,3314.0839702749054
28.242650849316988,1,0,1,0.997229916897507,0.0125774048376255,3163.6644878789084
39.574672582128485,1,2,1,1.0,0.0023525243893562,677.0442667619224
11.569506177915246,2,0,0,0.997229916897507,0.0541147131228368,4099.881281345244
10.349048043107585,2,1,0,1.0,0.0265467011470101,4700.855891004742
9.728033912442482,2,2,2,1.0,0.0987405611216276,3084.032699864858
2.508368464654676,0,3,0,1.0,0.1082601652944987,1774.6474907820923
-16.019433507161697,2,3,0,1.0,0.1410107265860841,428.4836331471268
23.459384892916336,2,2,2,1.0,0.0324744592481581,2922.8973184486536
35.23583873355743,0,2,1,1.0,0.00209635948778,622.5030458383596
-5.147978840697416,0,2,0,1.0,0.1193179956787025,5916.910600830495
17.83867425154396,1,0,0,0.997229916897507,0.0189666219346713,2823.7545879787203
5.726729736323753,1,0,2,0.997229916897507,0.0094136235400479,4775.523522097767
22.74309681953225,1,2,2,1.0,0.007001307131067,3741.221430865295
8.228058647643751,2,2,2,1.0,0.0905877195977918,2959.017152203064
19.894771313591495,2,2,2,1.0,0.040801033021014,1843.7384399206528
23.290755009765714,1,1,2,1.0,0.0086388522779383,254.99806272875853
19.565635454111597,1,1,1,1.0,0.0376440047148985,2033.8936434924683
23.73133109766181,0,0,2,1.0,0.0615294557093162,1445.389780596743
16.94493766156671,2,0,0,0.997229916897507,0.0199632031310368,4124.5489038002825
7.571602396786886,2,2,0,1.0,0.0943155422915547,2869.538491568816
11.969970213489036,1,1,0,1.0,0.0031958921166152,3892.065585482349
30.24286528184588,1,2,1,1.0,0.0110790384792642,1121.3242924149488
22.246553387246788,2,0,2,0.997229916897507,0.0076355887536327,2468.0549033117018
12.5326397362677,1,2,2,1.0,0.0081540419767452,4619.320483133196
39.917241821053295,1,3,1,1.0,0.007470005400465,800.6989233404685
18.28068141552367,1,1,0,1.0,0.0183092940530437,2981.9572814235653
38.36774861649776,1,1,1,1.0,0.0022854999073672,3341.620531454412
38.0040920204045,0,1,1,1.0,0.0,1498.4311657780545
31.41551231998381,2,0,1,0.997229916897507,0.0392884179243849,1406.0628262967125
6.852143157236116,2,0,0,1.0,0.1033825829361336,1297.371413525938
15.058683833450232,1,1,0,1.0,0.0019167178265633,3132.1135667834383
13.999712783785796,1,0,2,0.997229916897507,0.0140042798621743,3981.643260268819
17.411454239747446,2,2,0,1.0,0.0375447357309333,2867.3021294488203
20.53527972918676,1,2,2,1.0,0.0065246698712605,118.35352854538742
17.078616976322948,0,0,2,1.0,0.0033008513002425,4080.068772165242
19.832460541809805,2,0,2,1.0,0.0320092492944135,1261.7977388146903
22.07650587321038,2,0,2,0.997229916897507,0.0548747246282848,1171.9401632973224
5.784723059202226,0,1,2,1.0,0.0848586683386639,2405.545095069361
33.32272170102694,0,0,1,0.997229916897507,0.0283225848523688,1112.767168726691
14.797325516014938,2,3,0,1.0,0.057261691647666,3849.439124154858
14.77102027318461,2,1,2,1.0,0.0616675650583548,2762.6523845374654
16.278003998219074,2,0,0,1.0,0.0740327724104158,1369.5442196527956
21.089313669529805,2,0,2,1.0,0.0245626395351542,1892.470457262653
20.350815104466395,2,2,2,1.0,0.0310278327509458,3524.6808258905967
21.928958985237728,1,2,2,1.0,0.0068602094320902,811.0773526497812
-6.016642216307061,0,1,0,0.997229916897507,0.1295928839482149,4352.068673323689
38.27575136286582,1,2,1,1.0,0.0137278348280251,1573.5520146839087
37.44643103244048,2,0,1,0.997229916897507,0.0455343470032992,3198.165188049077
23.39880894954992,0,1,2,1.0,0.0344746627211257,1722.295382300993
22.477610592621996,1,2,2,1.0,0.0005738368906365,1972.3931307119244
12.314988630329236,2,1,0,1.0,0.0544888562133662,2256.721113999425
19.246023632572268,1,1,2,1.0,0.0073075864067471,2304.016405260379
38.85730513366473,2,3,1,1.0,0.0375995097003714,3114.343098992606
12.791466017229553,0,1,2,1.0,0.0634588599696106,1506.4215632212338
20.275347635546726,2,1,2,1.0,0.0321318255942465,3002.708109015216
33.12597821355583,1,0,1,0.997229916897507,0.0547369432553688,342.2469365678923
21.860126133889874,0,1,2,1.0,0.0292414688923769,2968.8052887915405
35.39134316684366,2,0,1,0.997229916897507,0.0341954940382242,1693.1389189719116
16.836699671987304,1,3,0,1.0,0.0008945371340638,2860.962032564515
38.04297636716154,2,2,1,1.0,0.0177285432499397,2582.5983018356724
20.279316975524573,0,0,2,1.0,0.039166453374919,1287.1503939577633
4.256822497751981,1,2,2,1.0,0.0153954733605522,5305.796407637001
37.99241287827935,2,1,1,1.0,0.0508759572657793,3500.011704158584
17.216211535817386,0,0,0,1.0,0.0405575972071936,158.51053014434288
39.1227997129867,2,3,1,1.0,0.0343110456525427,1974.978328347524
23.631384200226428,1,2,2,1.0,0.0045509261938144,2955.877331162616
19.931006421843527,1,2,2,1.0,0.0170490972819868,515.1469695446183
14.692064580708877,2,3,2,1.0,0.0031272498524442,3361.4218831892194
23.33208547003925,2,2,2,1.0,0.0279294646247806,505.3906692644892
-18.00628974369835,1,1,2,1.0,0.0052776213961748,6477.815536936856
19.596787967877155,2,3,2,1.0,0.079955023432111,2021.8411987732495
37.84157660703556,0,2,1,1.0,0.0181164782696291,1352.4922376236989
22.633024813970945,0,0,2,1.0,0.0353351101082256,462.02565723254025
22.55041470601743,0,1,2,1.0,0.046893108463536,919.529650091323
39.32797200534412,0,3,1,1.0,0.000959913224968,2631.1288178470763
16.932036011874033,1,3,0,1.0,0.0148403891972477,1839.4799664233688
7.072767872677667,2,1,2,1.0,0.0678243416492977,703.5391094848949
6.891237209022614,0,1,2,1.0,0.0856384628063823,399.0761565222602
23.283254931168848,0,2,2,1.0,0.0311735686107052,3353.6013602702938
23.53370401223931,1,0,2,0.997229916897507,0.0125701294706488,2133.476254958987
-5.127400525866289,2,1,2,0.997229916897507,0.1271136166422292,2636.6270644686056
19.07107689275925,0,1,2,1.0,0.0238041119558634,2301.3998445413195
-4.575786910867366,0,2,0,1.0,0.1696200099722276,5378.877522767853
21.77858688482654,1,2,2,1.0,0.0042661933335499,585.0200125625464
-10.095692213741,1,1,0,1.0,0.0038271662911101,7490.657750315808
4.818107533273432,2,3,2,1.0,0.0684796059891418,4623.433468405568
17.595922417120875,1,1,0,1.0,0.0120379180893496,3830.3145835674095
10.606242594152333,2,3,0,1.0,0.0666776655040753,3596.578383467
10.572721875567607,2,3,0,1.0,0.0328113825626105,2702.860294586555
17.95591404657229,2,3,0,1.0,0.0741651872175238,1016.6001571207288
23.647053098747048,0,1,2,1.0,0.0315434916691639,3659.695620998904
23.671088553105008,0,0,2,0.997229916897507,0.032327155482746,1723.8063101395132
12.237383083281845,2,0,2,0.997229916897507,0.0279681644174193,2307.189887947615
10.342179870834524,1,3,0,1.0,0.0029992835990508,4117.282166127015
20.146342274444194,1,1,2,1.0,0.0015617359293561,2852.3796434202186
16.648078226488128,0,3,0,1.0,0.0654873700902475,2190.029444727533
22.929186015412817,0,2,2,1.0,0.0207141824975469,2399.850582219729
15.964339927807227,1,0,0,1.0,0.0010349347762063,1703.5252063224484
27.575842043613864,2,1,1,1.0,0.0088223589578624,2585.7451645485967
24.232111562144286,0,0,2,1.0,0.0263766678155732,3224.2324600237384
18.737165244498478,0,2,2,1.0,0.0474695067468289,1049.7667470677957
39.467311363479794,0,3,1,1.0,0.0075125810701815,127.7537426545348
16.794113164178288,0,3,0,1.0,0.0515304685760843,3844.473846829824
16.634119612604895,1,2,0,1.0,0.0074291792543914,221.6141225550924
23.80775787773436,0,2,2,1.0,0.0173415406494698,2011.4182556109768
18.3509799892124,0,3,2,1.0,0.0044929635438398,122.65784699612972
39.86545271179018,0,3,1,1.0,0.0311738442385535,1026.2507281466585
3.4563801288972327,2,0,0,0.997229916897507,0.0546625581056642,241.14730367791915
-3.028263089965077,1,2,2,1.0,0.0115980707529981,4033.4498881470654
22.22378716733598,1,0,2,1.0,0.0131686965824529,2057.8532668914777
38.91151794416015,0,2,1,1.0,0.0158564500125795,1044.1214027532362
34.34923018489925,0,2,1,1.0,0.0,602.7026052740921
18.836301834230667,0,0,2,0.997229916897507,0.0430093547059285,1175.5842158628177
17.80291414644465,1,0,0,0.997229916897507,0.007182018965388,3482.9075697674875
30.339806280721422,1,1,1,1.0,0.0133946403462498,3491.3228971620806
17.75558884712446,0,2,2,1.0,0.0196466269676813,759.292997612589
23.00977799724064,0,2,2,1.0,0.0,3205.913280272635
-1.645602881588876,2,1,2,1.0,0.1620233725631798,6696.537934212417
20.137736379932768,1,1,2,1.0,0.0168621086263882,1426.2163326867249
8.539259213804947,0,2,2,1.0,0.0989347274440103,3092.522449261959
11.411072412994336,0,1,0,1.0,0.0776389925301597,1021.312821969181
18.15675714388036,1,0,2,0.997229916897507,0.018760776584156,233.7782419911002
12.187875900842757,2,2,2,1.0,0.0557091740223861,2333.667545767729
23.661694218706906,1,3,2,1.0,0.0117239066961033,3645.9470076792713
24.180079526608623,0,2,2,1.0,0.0597871693690673,3367.8151741281767
9.694909172790476,0,2,2,1.0,0.1245582812252804,3183.4882668042405
16.791531303803783,0,2,0,1.0,0.0059638592778113,2898.0754248165163
24.121883924734085,0,3,2,1.0,0.0,1162.019474463434
17.0926051709157,0,1,0,1.0,0.0167385806749566,3715.118354660312
36.10341394310086,1,1,1,1.0,0.0037008316719365,3144.115093030905
16.796792194137016,0,1,2,1.0,0.0331693451430065,3513.6507890761186
12.947021205852948,0,0,0,1.0,0.0069280632478783,2611.3091600457974
18.246357691997563,2,1,0,1.0,0.0421895427957611,490.46318357122857
4.485352294805516,1,3,2,1.0,0.0061558797941671,2091.345697153031
18.282530918252338,0,3,2,1.0,0.0579944040528347,1537.4060567343008
23.7475178686278,1,0,2,1.0,0.016546797242063,3624.722078336047
11.395878109046713,1,2,2,1.0,0.0048804167211993,3378.401803985456
4.737344734300413,0,0,0,1.0,0.0949604753213358,3005.7686118999954
-0.8248163787527442,2,1,0,1.0,0.123758067535714,346.3532526675719
-1.18121086620903,0,1,0,1.0,0.1371201379371931,4662.42870112416
30.006039015261155,1,1,1,1.0,0.0154431344279337,336.0542681815908
38.77680289334167,2,2,1,1.0,0.0148953685067658,744.6465582281055
13.733390809594814,0,0,0,0.997229916897507,0.0617804272321963,2292.7037163234127
5.28932403348937,1,0,0,1.0,0.0072042034124115,4132.960211743345
31.05916542189743,0,3,1,1.0,0.0172515213655058,261.6386916110524
18.387156348275155,1,3,2,1.0,0.0188715627890245,3105.974692794216
11.491457705396131,0,0,2,0.997229916897507,0.0377103532972142,1971.214636463682
20.252478381080437,2,2,2,1.0,0.0440332638542843,2243.0486634096565
-7.139492210395931,0,0,0,0.9916897506925207,0.1558615928631855,5756.14979760473
13.302168671343662,1,2,2,1.0,0.0109305955787455,3727.232647036155
-10.610939125242837,2,3,2,1.0,0.1757402459311144,7211.613052077091
0.2935706732125558,2,0,2,0.997229916897507,0.1277379043290536,456.1521871488779
22.22006801977344,1,3,2,1.0,0.0176636784807834,659.6352911045752
10.3822721308992,0,2,0,1.0,0.0010144862737834,1064.273354293888
30.32557356647927,0,3,1,1.0,0.0243913789355196,3712.179653567513
21.194907426902216,2,2,2,1.0,0.0351660548634766,394.93181648519135
31.887823791083868,1,3,1,1.0,0.0043284670168521,140.4281946893994
22.87885325633904,0,3,2,1.0,0.0212489787067841,941.4617587291496
27.60749376628685,1,3,1,1.0,0.0068048928378445,790.3069177549961
16.429552238341323,2,3,2,1.0,0.0445939682416491,558.4175922894794
24.137325506069292,0,3,1,1.0,0.0362833646778085,1841.8336582604757
21.09317879018227,2,0,2,0.997229916897507,0.0,157.36223057859883
9.59888753090392,2,0,0,1.0,0.0779759727898035,4695.05608394449
16.525819319934737,2,3,0,1.0,0.035661164817685,2913.4096287129323
14.353804842177205,0,0,2,0.997229916897507,0.0639010094523981,4371.852963291561
16.491553464609567,1,3,2,1.0,0.0100345868010559,1533.5145630436823
23.268063382716324,2,1,2,1.0,0.0274359354172277,2777.7279410291585
8.177302126993801,2,0,2,0.997229916897507,0.0987820946852707,4076.3706523225096
23.750856802278356,0,1,2,1.0,0.0207756984601207,2231.2734232020275
5.889509248136457,0,1,2,1.0,0.1210158818703813,944.8419053381906
15.925998342420112,1,0,0,0.997229916897507,0.00309846036252,2622.407581823818
17.958960154438294,2,1,2,1.0,0.0573444197434326,2285.874793065913
23.42255913593818,1,1,2,1.0,0.0026881771947229,2260.114534465933
22.35736040106559,2,3,2,1.0,0.0105399261270227,847.4845957475841
38.68176116313713,2,1,1,1.0,0.0201753323332621,859.4875022426343
4.341300407100864,2,1,0,1.0,0.0693009376864326,6534.134012289344
-4.610049157023804,0,1,2,1.0,0.1337063042463663,7334.118212460027
18.655165290333493,0,1,2,1.0,0.0797551640537866,3774.950759966729
18.169767066892103,1,1,0,1.0,0.0197967575144497,1576.328527539023
23.736914656035932,2,2,2,1.0,0.0175287204621247,752.9286257273067
16.50021269414936,2,1,0,1.0,0.0819029024720627,1560.7964325052126
5.92300552669164,2,3,0,1.0,0.0994874602154205,3183.6529777546925
22.860193095686466,2,2,2,1.0,0.0,3054.728094565705
22.183430800515968,1,1,2,1.0,0.0058496136841675,263.95564592368163
17.675432709289737,0,0,2,1.0,0.0589001769527385,2144.517703459201
17.729246072978857,0,3,0,1.0,0.0715739697367683,482.115690545297
38.8075517410197,0,1,1,1.0,0.004546684957253,1629.7948558310816
15.41681640324709,1,0,0,1.0,0.016046074338974,1458.5719894611998
13.274045271863544,0,1,0,0.997229916897507,0.0487506445172066,1934.9151994132103
27.031659136188804,2,1,1,1.0,0.0616040812136362,1263.1112764045824
34.03289725805912,0,1,1,1.0,0.0,32.171303834337635
13.873365770280486,0,0,2,1.0,0.060503062327657,2983.0907010041
12.682493565759115,2,0,0,0.997229916897507,0.0370741295004917,1984.950134693156
15.246993837823876,0,3,0,1.0,0.0129001713081418,2254.175301285177
21.707553286955186,0,0,2,1.0,0.006350013438048,1575.5842675463134
23.54933400033308,1,2,2,1.0,0.0179054274709693,723.397415954598
13.327687279315644,2,2,2,1.0,0.0737263119724822,1772.764149034898
-5.184128331751684,1,3,0,1.0,0.0053469143604511,2418.1812022891168
16.335463478038765,1,2,2,1.0,0.0089963947594554,1012.0393555477244
16.23026129356248,2,3,1,1.0,0.072941354648336,3121.3307341156224
10.645241011196562,0,0,2,0.997229916897507,0.0793285604546032,4041.7831060641206
8.160857183127948,0,1,2,1.0,0.0813958181927948,1362.1404264351272
-17.176158312158098,2,1,0,0.9861495844875346,0.1612297993723928,6398.861869555624
17.543497649189483,0,2,0,1.0,0.0152720934729667,3207.645873236319
22.170755367335232,0,0,2,1.0,0.0181071340389391,2814.010489081797
11.374242359533644,0,0,0,1.0,0.0760150279670817,3362.862673175548
7.853409810545751,1,2,2,1.0,0.01783366791064,1199.9855954944114
16.769885904071124,0,1,2,1.0,0.05921012176167,2974.1664979926263
27.203520802302084,2,2,1,1.0,0.0374041585896546,340.9368049707186
21.12843914197052,1,3,2,1.0,0.0190196564672712,542.3143849106832
4.3345881421975925,2,3,2,1.0,0.1112005438832666,2953.7010146470934
-0.4237110415088959,1,3,0,1.0,0.0197317052042626,2201.440890996844
1.2904638407990363,2,3,0,1.0,0.0004427014567503,5049.888663524412
21.65486747916311,2,3,2,1.0,0.0125636780186167,1492.1777966638783
-2.8771260540074106,0,1,0,0.997229916897507,0.1239864611942609,6929.4006217301785
10.976118568485342,2,0,0,0.997229916897507,0.0579494853760147,1533.948955186178
8.462622436030433,0,0,0,0.997229916897507,0.0023591347548098,2902.2517037578964
-1.271898924137278,0,0,0,0.997229916897507,0.133607117311425,6643.748290933299
22.71817637227425,0,0,2,1.0,0.0633346501118309,2975.1132758359004
29.781009194245076,1,0,1,1.0,0.0055878920162286,3653.9472227790952
8.131619326893434,0,1,2,0.997229916897507,0.076567089763739,1238.933308141233
22.728649009558943,0,2,2,1.0,0.0117061857415524,312.1744809395169
8.11169922261101,2,1,2,1.0,0.1097088693328206,1992.683490037392
11.33994437714287,1,1,2,1.0,0.0187654043744424,3617.3186708415033
22.80101065975545,1,1,2,1.0,0.0121008717806589,2137.1579083125066
9.62660583404911,2,2,0,1.0,0.0668782689548583,1585.9261979042717
13.05926950914116,1,3,2,1.0,0.0011990099095611,4378.316787740656
16.656704248355815,1,3,0,1.0,0.0116242154818649,1890.0288860263245
15.853245110592695,2,1,2,1.0,0.0199102743305154,2616.670774401271
23.214726051981668,2,0,2,0.997229916897507,0.0053158909780861,2281.905405694672
13.831468775500024,2,1,0,1.0,0.0442586903967455,3759.216320183225
8.746338633862088,0,0,0,0.997229916897507,0.068914964696512,4127.315072626118
14.569546034363936,0,2,0,1.0,0.0413909402384907,3295.6512184174558
18.30536716157412,1,2,0,1.0,0.0046518126436363,348.5451343164393
4.32809229518932,0,2,0,1.0,0.105168248393386,137.11526837354774
22.47341733015287,1,1,2,1.0,0.0011576992193296,1671.229504060009
3.106912318751407,0,3,2,1.0,0.1433138589700166,4025.4039620390336
0.7835742739920293,1,3,0,1.0,0.0107539846765074,6480.769808137831
39.87144098032334,2,0,1,1.0,0.0245323600488866,2378.786921256884
37.57035730210502,2,2,1,1.0,0.0255491588771829,2640.1483577529416
9.985960971756016,0,2,0,1.0,0.07250725974004,86.54298853252989
8.98933927414927,1,0,2,0.997229916897507,0.0135565179279594,4116.427294130473
16.650060580309802,2,0,0,0.997229916897507,0.0555366814795977,271.7069283053557
38.82325072795285,2,2,1,1.0,0.0254945758209708,2040.7318892211972
7.0782988364428965,2,0,0,1.0,0.0904670528257009,1051.482441626474
10.87790584784349,1,3,0,1.0,0.0423982988514922,725.1245234758006
18.91563320990369,2,0,2,1.0,0.0129052784447078,293.962714975277
20.707347116147417,0,2,2,1.0,0.0103610886580348,2075.858849371389
12.311865759897788,2,1,2,0.997229916897507,0.0412065499325088,3886.078050504053
17.436511209538473,2,0,0,1.0,0.0787924471859366,3082.336042017266
19.51045517789708,2,3,2,1.0,0.0782616876876344,3894.664424640783
17.103381618449987,2,2,2,1.0,0.0580264519907127,2489.26087680446
16.438181707673145,1,3,0,1.0,0.0059004413229921,1606.4476455698834
23.69629050626161,2,3,2,1.0,0.015694141235462,171.4375660206824
35.03639508130563,2,3,1,1.0,0.0059589569927157,2219.16319572536
13.98732871331715,0,2,0,1.0,0.0652558412485082,3802.733528647221
17.47056376595233,1,0,2,1.0,0.0196117107198734,3268.5600318382662
4.006680691893793,1,1,0,1.0,0.0186992540944467,2082.2473689914927
15.230754716159392,1,3,0,1.0,0.0066680185371664,767.9283600100944
15.188200660057172,2,1,0,1.0,0.0619310315187349,1606.7755724817416
23.560639687425407,1,2,2,1.0,0.0049760752987215,2961.7032249550944
21.04888658467777,0,3,2,1.0,0.0181297498438466,210.19783682350413
11.47117806566926,2,0,2,0.997229916897507,0.0453422922098729,1024.787451021555
21.88163363221724,2,2,1,1.0,0.0239734826203998,2631.4124694268844
18.66563637012848,1,0,2,1.0,0.0106311242373936,2793.1822942371846
15.600585581636446,1,2,0,1.0,0.0106548228060207,3335.706960257482
18.30023768753374,2,3,2,1.0,0.0906798748090361,2594.327189467622
8.314836531170481,0,1,0,1.0,0.0095048974018138,3038.405896514917
16.193032081399313,2,2,0,1.0,0.0578645209301545,2414.47250858552
6.692210278339789,1,0,0,0.997229916897507,0.0198999128853597,1955.8805048011209
38.03535238356984,2,1,1,1.0,0.0169755438098128,3362.876569222501
37.51046786501854,0,0,1,1.0,0.0429034141222947,2700.182901124514
-11.507300898088896,1,3,2,1.0,0.1406483286639702,6812.017101147073
20.350932868276598,2,3,2,1.0,0.0261900987591032,3836.795899664524
23.308586804598,2,0,2,0.997229916897507,0.0024021462576092,3372.0014528737133
16.703385110862655,0,1,2,1.0,0.0448702715680098,627.632121207847
2.157758495841807,0,3,0,0.997229916897507,0.0150522409730254,2923.20799760458
17.246345872543785,0,2,0,1.0,0.0611229293044593,1677.4482966159735
34.9224169010555,2,0,1,0.997229916897507,0.026521747426164,2062.379526230133
22.445299450525678,1,2,2,1.0,0.0109065841697318,2299.7008333618032
21.812696665505328,0,1,2,1.0,0.0172758953555313,771.7461154691289
23.86388881155201,1,3,2,1.0,0.0106995139266235,1953.071337629905
2.753543975158525,1,0,2,0.997229916897507,0.0066685195890591,3633.778949305844
7.379126710052374,2,3,0,1.0,0.105652479416056,3712.112761483381
8.923011596558682,1,1,2,1.0,0.0170681418746684,14.010405368505324
37.28290920545757,2,2,1,1.0,0.0131223985994329,2894.8894228742715
38.04638306519834,2,1,1,1.0,0.0174002057651337,341.6429946885839
16.35379440750764,2,3,2,1.0,0.0546756925787229,1734.3441862803516
5.260511875787551,1,0,2,0.997229916897507,0.0192409742546266,3935.880985576349
20.137033595431223,0,3,2,1.0,0.0340525388727614,761.9194969475045
22.43847158829418,0,3,2,1.0,0.0144528790017913,569.0078790283475
22.490106962811502,0,2,2,1.0,0.0413946611226378,1873.5433755435208
-9.836508314753946,2,3,0,0.997229916897507,0.1516840153090016,7442.828356993067
6.818260818946314,0,1,0,1.0,0.0806132243831285,1986.596451193897
21.01607769496436,0,2,2,1.0,0.0495821259741429,692.315860757551
-2.2571452376389365,0,1,0,1.0,0.1217128174873228,4493.439908151359
-1.8666429255273895,0,0,2,1.0,0.158458354626845,3003.7549380164915
22.288652028887853,0,2,2,1.0,0.0,3142.5771705191355
18.849379801280485,0,2,2,1.0,0.0474049032664866,133.3682097977161
13.418571666901144,1,0,2,1.0,0.0192543611369951,4615.869636259811
24.246769422851063,0,0,2,1.0,0.0311626558437068,2827.7933450661767
11.762357808695478,0,3,0,1.0,0.0826879152077036,1567.9769852553816
9.887577287729757,1,2,0,1.0,0.003315953785063,2316.33312976468
7.72091220307453,1,2,0,1.0,0.003462052983611,4034.520437916756
18.09299082265658,0,3,2,1.0,0.0797473441389011,1264.7581134561303
18.282891388265973,0,2,0,1.0,0.0031561096763534,858.3527751303172
-5.029233221882995,2,1,0,1.0,0.1467541809610253,4153.646134784559
21.12776776274245,1,3,2,1.0,0.02932559977437,843.8586585617535
11.316791771807146,1,2,0,1.0,0.0135336102913105,1626.597216173797
21.494797742452715,2,0,2,1.0,0.0375638350983721,3698.3023651213466
16.98562838064034,0,1,2,1.0,0.0068515827570068,3367.2719147187568
9.785027426442172,1,0,0,0.997229916897507,0.0075246294482695,1573.5283911479553
3.207147365036404,1,3,0,1.0,0.0103059067131565,4889.350031463606
39.818940991573854,1,3,1,1.0,0.0042722260499473,708.3516758575473
38.790987984785794,2,0,1,0.997229916897507,0.011322961983369,3649.5339954770784
7.135313820482158,0,0,0,0.997229916897507,0.0935428555520311,3844.078984054369
9.34488178522302,0,1,2,1.0,0.0737751341120821,2636.3795158143184
18.3876008505332,0,2,2,1.0,0.0175978787470599,764.6672948419308
9.692290597509292,0,2,2,1.0,0.1280416786403513,1539.285365050795
24.11717754099505,2,0,2,0.997229916897507,0.0189120536329192,3168.804725400055
-3.2942878373087496,1,3,2,1.0,0.0199192317648179,2396.608214189634
13.140140083138345,0,3,2,1.0,0.0400302776530511,4310.891139650474
14.587271623842152,0,3,0,1.0,0.0366381783453271,3856.866854290971
14.240220543934823,0,0,2,1.0,0.0865588123240354,3714.101486078009
14.295837522318743,1,0,2,0.997229916897507,0.0310061035268295,4006.8327771675386
38.88933349457358,1,0,1,0.997229916897507,0.003614160190667,706.8551707056222
23.82116029974029,0,2,2,1.0,0.0185979594742499,2074.342680274134
18.55371715849602,0,1,2,1.0,0.0601269674147096,847.8703976389587
15.771954570388726,2,3,0,1.0,0.0515493329152645,1239.3612797286353
11.734168294341556,0,1,2,0.997229916897507,0.0501151809428525,3157.1928464259545
14.816656427419318,1,2,2,1.0,0.0054426483736845,3862.314902225351
38.99688485176976,1,0,1,0.997229916897507,0.0082122681112069,3434.806858608694
17.28864482920928,1,3,0,1.0,0.014330800887557,2531.420571361892
0.6077585367401194,2,3,2,1.0,0.1117543681692848,2759.5784879115586
21.00958046432366,2,0,2,1.0,0.0036886798222459,3209.86082693199
22.6481036239907,0,1,2,1.0,0.0350588867224154,3418.926493389534
16.73046646194934,2,1,2,1.0,0.0847886899884035,1061.355816698374
15.611240382482348,0,3,0,1.0,0.0725330961494959,79.84485948475918
17.915247823890645,0,0,0,1.0,0.0688167302347042,2802.911212635669
-0.8497697653943881,0,2,0,1.0,0.1412834004869107,4719.612807377048
35.83638434296621,2,2,1,1.0,0.0,1025.0145793601455
23.806890568299256,2,2,2,1.0,0.0399709306740362,3201.6031828314235
21.335784812649383,1,2,2,1.0,0.0015189091645169,2691.329508459533
13.425711882185896,1,0,2,0.997229916897507,0.0056867487430297,2268.57468537544
2.077488492816906,0,0,0,0.997229916897507,0.0883372114119692,1727.4274101610972
16.304395332393153,0,2,0,1.0,0.0306650567048297,764.2958179918543
21.45991754026297,1,0,2,0.997229916897507,8.453551091238465e-05,1663.2896977538876
17.05783619405175,0,0,2,0.997229916897507,0.0371397029435601,947.391783660122
17.750303648211506,0,0,0,1.0,0.0120024127452979,3917.298249091804
23.71647792796999,0,1,2,1.0,0.0,2662.779874311951
14.072930122844232,2,1,2,1.0,0.0524058924912599,1607.8798675279752
20.976959054858813,0,1,2,1.0,0.0372725422694777,3143.148601449356
29.657351123069056,2,3,1,1.0,0.0295599007156403,3463.639536897847
24.37463789282865,1,3,2,1.0,0.009720991320602,901.416347609281
23.341977507539507,0,3,2,1.0,0.0378099108956407,431.82387011153
14.3914832425685,2,2,0,1.0,0.0347400643501853,2845.345821371554
-8.381201768776736,2,1,2,1.0,0.1303732022856008,714.5010092345052
8.349091765115498,2,0,0,0.997229916897507,0.0895922520568601,2320.944797167271
-2.047820269887822,1,1,2,1.0,0.0133744550750428,6274.788962533669
22.466167346055038,0,3,2,1.0,0.0516873698306058,2297.970583945907
16.30816039615706,0,1,2,1.0,0.0051940406430104,771.681971244145
17.56351104846342,2,0,0,0.997229916897507,0.0782702915832683,2755.945935960989
24.274285474932643,2,3,2,1.0,0.0253927451010249,684.9968997583901
39.08838204571991,2,0,1,1.0,0.033003403416557,2754.118955949212
15.69551532015635,1,2,0,1.0,0.0120394783476139,1711.382083879374
23.165944678537738,2,3,2,1.0,0.0200636930564643,3245.6186172614107
15.414135384188723,0,0,2,0.997229916897507,0.06259146363915,2787.475350007433
3.1407446993846544,1,3,2,1.0,0.0079419480968312,3288.754926743129
21.327650265877985,0,1,2,1.0,0.0145612680279838,314.9840020132885
16.306729884058,0,2,1,1.0,0.0564193260714446,3865.7718832975033
18.479963815613875,0,0,2,0.997229916897507,0.0470616326919892,745.0529329389877
14.767312316020009,2,1,0,1.0,0.0456453984294418,1894.3831595791603
21.55041494995096,1,2,2,1.0,0.0194277640647884,96.27884097674182
17.09163541012362,0,0,0,0.997229916897507,0.0554288478329877,2630.476243906467
17.077812724573633,0,3,2,1.0,0.0494176234044823,516.0018591612765
-4.819401551057515,0,0,0,0.997229916897507,0.1771197836483178,5876.686197144223
17.174900173734144,0,0,0,0.997229916897507,0.0312687364216968,3289.1827316882222
40.40272822925867,0,1,1,1.0,0.0,1113.3531163641023
7.335606826492624,0,3,2,1.0,0.0125703077101779,3552.583514403608
22.14753823092065,0,2,2,1.0,0.0302965137646289,164.43386412214522
20.466029973117955,2,0,2,0.997229916897507,0.0564819444847753,2188.6342112529155
20.72823273628571,2,2,2,1.0,0.0074708850870194,3317.1607096715397
21.990305139789857,2,3,2,1.0,0.0131798438174415,738.895932402386
4.374276764297987,0,2,0,1.0,0.11038418668139,3105.2188587439314
23.48766266973973,2,3,2,1.0,0.0442961453381914,3642.360412498696
23.49120236603073,1,0,2,0.997229916897507,0.0085683473288695,2278.23778443946
20.779206916878916,2,1,2,1.0,0.0178082194800349,3292.137785635537
21.861703954852977,1,2,2,1.0,0.0034469595683075,3139.785782975521
4.157963217458093,1,3,2,1.0,0.0169932805331227,3553.9367151722363
-16.394866315522517,2,3,2,1.0,0.123004330696869,3749.25906589486
38.01915020117903,2,3,1,1.0,0.0017882298524434,2403.2623696186038
9.484969509263244,2,0,2,1.0,0.0794599591649024,593.9276923853929
23.1903012009732,2,3,2,1.0,0.0216405816781638,884.2492640219723
16.30001710538195,1,2,0,1.0,0.0003505952561241,862.8956774038819
17.550915391416655,0,3,0,1.0,0.0507970148123336,2346.0983343997336
16.367298512759245,1,2,0,1.0,0.0164115782409297,246.85044760797865
16.139944008647834,0,3,2,1.0,0.0227380036914297,2695.15482125089
22.92007165858401,0,2,2,1.0,0.0169025582359023,3190.915645935116
23.65485247939065,1,2,2,1.0,0.0096701601823928,2823.9703995509394
16.815694482585485,2,3,0,1.0,0.0351809612267724,2083.979012834316
20.161490340201432,1,0,2,0.997229916897507,0.0104800485463126,3572.593973851386
39.57987186004132,1,2,1,1.0,0.0016105338484938,39.96603423043241
23.693621814001222,2,1,2,1.0,0.0553724844991223,415.3065838634221
16.13270657930749,0,3,0,1.0,0.0057058899940327,3646.613871641304
4.606090410632758,2,3,0,1.0,0.0512995212290226,2610.835689847375
21.949919376437425,1,2,2,1.0,0.001898498832768,3098.4139226121947
23.069079705123585,2,0,2,1.0,0.0577286383938345,3263.1687130948526
21.66542002220469,0,2,2,1.0,0.0498662239525083,1850.0870922145768
8.569428741785996,2,2,2,1.0,0.1138060849758449,3297.577013522917
9.65421393850158,0,0,0,1.0,0.0933093070484087,2607.1450462029984
38.4735944125316,1,2,1,1.0,0.0168725228618841,996.1371073299812
15.56490969898129,0,1,2,1.0,0.0012908751084954,3473.121392819403
37.04448070585479,1,1,1,1.0,0.004914851678077,3657.765423301984
11.180905243641154,0,3,0,1.0,0.0060898490712835,4070.584101080746
-3.935490005164395,2,3,0,1.0,0.1319201686525713,507.44336643313926
13.739764769975915,1,2,2,1.0,0.0578443206803667,1252.7264242785172
22.680969252874924,0,2,2,1.0,0.0645364164480372,195.2633610306851
14.144317493615306,2,2,0,1.0,0.067077323371332,1212.5568282466645
23.53904109185716,1,0,2,0.997229916897507,0.0110469854181572,3131.34944028463
21.565182457804784,1,0,2,1.0,0.0021290634567821,2825.025089120511
11.14489870773965,1,2,0,1.0,0.006596594885804,2713.9463378034284
16.46581095105693,2,0,2,0.997229916897507,0.0802114295146592,1082.820007438165
23.652462944005997,1,3,2,1.0,0.0037034632292176,614.998432665607
5.131449218867225,2,0,0,0.997229916897507,0.0928918975697056,1012.8275612923276
13.731954198198965,0,1,0,1.0,0.0173338552582589,3076.674268274869
22.516910053361,2,2,2,1.0,0.0333767304329122,3248.838727067669
7.309611667568858,0,2,0,1.0,0.0797294276429574,3822.809302354779
12.370478034177877,1,2,2,1.0,0.0024844450789719,2172.294395683602
11.047549158432844,1,1,0,1.0,0.0007412006878975,588.4828928540214
8.416625713238409,1,1,0,1.0,0.0190043397549061,1457.6360907608669
12.275944666860614,1,2,2,1.0,0.0156161967446243,4434.6410274662185
16.309247737072518,0,0,2,0.997229916897507,0.0280482233597157,2448.771103485997
13.795937178419226,0,0,2,0.997229916897507,0.0548121993147704,1841.9327601536957
38.633756037021016,0,1,1,1.0,0.0156308085524703,812.2186068943873
20.649206159998972,2,0,2,0.997229916897507,0.0283458576498378,2047.8386255651728
7.330907174566033,2,0,0,1.0,0.1036424480180646,3515.978883061859
22.415454377724792,1,3,2,1.0,0.0057588632902601,1997.331578643561
9.837825635731164,0,1,0,1.0,0.050470117808515,582.6412784847319
24.005179629756174,1,2,2,1.0,0.014029886968511,523.1150939942194
10.697517223251428,2,2,2,1.0,0.000562637503156,2236.753504180549
15.047732973088529,1,1,2,1.0,0.0175256882852864,2443.6732256786986
22.739035156959687,1,3,2,1.0,0.014028200324555,2468.814136778044
22.031938140578795,2,1,2,1.0,0.0346761700808278,34.854830518985004
21.756193281724727,0,2,2,1.0,0.0131166464441473,1644.1172794796687
22.25370506549744,2,3,2,1.0,0.020581509953144,80.1341995655797
39.33391631716189,0,0,1,0.997229916897507,0.0041356402608303,2339.0124751381527
36.0874858624054,2,0,1,0.997229916897507,0.0442355410697876,981.0618035310296
17.510672588605928,1,2,0,1.0,0.0030595427177799,2670.85850948876
17.71509395941668,0,3,0,1.0,0.01086905618337,2622.249589757017
18.416041207462584,1,3,2,1.0,0.0170666762362705,3153.708844028803
8.143666444259688,2,1,2,1.0,0.0960573121704319,4235.063913691992
1.0663165177224465,1,3,2,1.0,0.002137178722861,779.3811747362043
23.8664766564736,2,2,2,1.0,0.0416033136426338,2099.3745176969146
9.192030082250373,2,3,0,1.0,0.0876496473178879,2674.041039089733
18.44690065797424,0,0,2,1.0,0.0932108955900858,303.3008455590663
8.264431706093326,2,3,2,1.0,0.0541362091312182,264.9556167611552
16.06619260754347,0,0,0,1.0,0.0730115523063008,3444.163173528736
11.182302328916856,2,3,0,1.0,0.0662432084690498,4242.671551683249
15.016004844023689,1,3,2,1.0,0.0133915542996292,926.83009218809
-2.3708304997376577,0,0,0,1.0,0.0091650114114705,1175.3424918136302
12.321128053876642,1,0,2,0.997229916897507,0.0013844755722955,2910.922756458257
8.398764992896355,2,2,2,1.0,0.0903267252253174,2703.3585830698453
8.012848314140621,1,0,0,1.0,0.0148364515381866,4812.278412063633
14.960548236542785,1,0,2,0.997229916897507,0.0053322657967155,4026.123568322248
38.61146528645171,2,0,1,0.997229916897507,0.0,1238.719470588228
17.69224838946197,2,3,0,1.0,0.0456960206411449,3628.245923859729
17.475885009956187,2,0,2,1.0,0.0380789509218957,1114.3411691201368
9.586309107856472,1,0,2,1.0,0.0083137673769129,4199.91497713275
5.711812513414084,1,3,2,1.0,0.0054747433402152,243.22584334519357
15.16790279549034,2,2,0,1.0,0.0638736289830385,2291.693932146719
21.61467606006029,1,0,2,1.0,0.0045352496520308,1311.0252318309867
5.4809404534484685,2,3,2,1.0,0.0829838171718755,4861.251900823832
17.642599235837334,1,2,0,1.0,0.0129333951938928,1369.492258020935
17.37687671689406,0,1,2,1.0,0.0146960558048623,3393.747159242518
9.778868722988303,1,1,0,1.0,0.0148758291439707,2232.413790087899
22.644911125156337,2,1,2,1.0,0.0032227451779605,1115.9938945014003
14.45288248995748,2,0,2,1.0,0.0643827073556354,2593.219950443215
15.868046666985489,1,2,2,1.0,0.0627926873502158,1331.2500503558613
22.49200088988429,1,3,2,1.0,0.0175771987373566,1691.754285022175
6.969251289803537,1,2,2,1.0,0.0898285593916277,3721.249578927502
16.947380891235994,1,1,0,1.0,0.0011208802775658,3035.789160369358
26.00440585152034,2,1,1,1.0,0.0612607124057861,2692.475717965864
39.17169562939974,2,3,1,1.0,0.0,1708.298102377037
6.4444898090391245,0,2,2,1.0,0.0764715213775061,2866.947971748477
24.9477888949076,2,0,1,0.997229916897507,0.0465483898680907,2186.145342850629
-5.520206359780222,2,0,0,1.0,0.1108640141372007,1949.837320267829
13.496946575463404,2,1,0,1.0,0.0454654796097622,1732.7350843944664
13.31181542845161,0,3,0,0.997229916897507,0.0343380544595925,1286.318184807179
10.980327730021946,0,2,2,1.0,0.0903453715669837,4118.169736060701
24.383390937886624,2,2,1,1.0,0.0285903873122123,480.5140708407304
23.35758288170235,2,1,2,1.0,0.0152125160056394,985.6585099296036
36.05227422107762,0,3,1,1.0,0.0103846092444349,1258.2657757140175
7.802666724075358,0,2,0,1.0,0.0194476939166424,2006.8172052555287
14.398371985160091,0,3,2,1.0,0.0525406965868935,3521.773971855633
15.96988316384371,0,2,0,1.0,0.0371050751638141,3204.7780077067023
32.29609632632589,2,1,1,1.0,0.0,696.7256308915793
12.40796550843135,0,3,0,1.0,0.0672004671905976,2147.7047809403816
14.16532616750123,1,0,2,0.997229916897507,0.0075360774067769,182.80799447777412
12.100496216022483,2,1,0,1.0,0.0603875960328844,662.9187687055992
23.45247833158748,0,3,2,1.0,0.0499858699211706,3340.266418115113
10.932101678336696,1,1,0,1.0,0.0078830060361596,3661.8969888533466
23.43371513064044,2,3,2,1.0,0.0246086096258262,1269.708811482234
23.836103440299357,2,3,2,1.0,0.0306910848358851,3503.405126774177
-5.029170063708981,1,3,2,1.0,0.0015011491514032,1894.650604438988
24.033566955671137,0,1,2,1.0,0.0161469537703947,700.8710224988931
20.33092859874246,2,1,2,1.0,0.0273605841984914,3140.188823643565
6.114864847780044,0,2,0,1.0,0.1032423733569942,5080.745555898853
22.39784135926521,2,1,2,1.0,0.0702516397379654,578.794725663448
18.87190649240338,0,0,2,1.0,0.0262313804662576,1041.9076551071037
24.05356497327356,0,2,2,1.0,0.0526766015595819,2027.375574571116
17.68755157959305,2,2,0,1.0,0.0941766844787957,2531.541053917288
38.66537776870675,1,1,1,1.0,0.0096090373615926,186.8918626066589
-64.8621800444987,1,1,0,0.9750692520775623,0.0177039439607656,7334.950318085529
37.784239392088594,2,3,1,1.0,0.0022542127179329,2656.024522722533
17.838436348432744,0,3,0,1.0,0.0514343638447328,1270.991450558237
5.629428054023736,2,0,2,0.997229916897507,0.0921508910327513,1059.1739189521
24.31913827997497,0,1,2,1.0,0.0062371192921612,2034.7123735215807
15.657853500709807,1,3,2,1.0,0.0090061836641694,1017.9295383668112
-0.2612080051736031,1,3,0,1.0,0.0033614594751691,7042.581890402596
-3.381491387878828,2,1,2,0.997229916897507,0.120467249735199,2323.6651148229244
21.41282997868209,0,1,2,1.0,0.0334676918477714,239.39656156143943
23.8357916160806,2,2,2,1.0,0.0266358151375255,3410.664242694917
15.849445349043474,2,2,2,1.0,0.0648899335971039,503.2296466972455
12.44645438988262,2,1,0,1.0,0.0495533293769642,3697.325850985777
17.479060106946747,0,1,2,1.0,0.0628174499866111,1252.8741637314797
14.764596947188991,2,0,2,0.997229916897507,0.0455770208429472,1054.5077971943217
8.943389374556839,2,2,0,1.0,0.0673766333102143,1695.5732559539172
14.993017228111494,2,3,2,1.0,0.0391496709556379,3226.858680552996
10.07134996926002,2,1,0,1.0,0.0602362267997955,2532.42865281297
23.18409895687806,0,3,2,1.0,0.0227553144164445,1249.676630217827
22.459919579267734,1,2,2,1.0,0.0228729138696941,553.54741351272
1.554791716461195,0,2,2,1.0,0.0975576669326817,7094.605291813989
17.897597387978568,0,2,2,1.0,0.0614373718778501,2652.4218314144555
20.326581438341545,1,1,2,1.0,0.0157086146434187,442.9061685851489
5.749497685759561,2,1,2,0.997229916897507,0.0830984612153129,4710.949277289569
10.80750326154589,0,2,0,1.0,0.0665409076807539,465.6155490995202
24.111184992203253,0,3,2,1.0,0.0071143227773319,1388.9686455026554
13.49179350088689,1,3,0,1.0,0.0093890422318453,987.2753001991646
-1.9246725740193789,1,0,2,0.997229916897507,0.0164184569486184,3196.1272506212267
17.915667990278045,2,3,2,1.0,0.0611122130707074,2969.723847050036
13.16799689708249,0,3,2,1.0,0.0429364513676559,4375.339190065644
18.228587670873083,1,0,2,0.997229916897507,0.0037002952172114,1711.7670979075783
7.227591456722033,0,1,0,1.0,0.0782577611043032,4412.782813110296
22.89854119135081,0,3,2,1.0,0.0279083088534378,292.19595232723543
23.537442046600678,0,2,2,1.0,0.0154065023716036,2045.604276943332
0.0218025490748141,2,2,0,1.0,0.0873870502385041,1888.851069514144
16.32156158362396,1,1,0,1.0,0.0198407331035095,232.07308811884388
8.924383976295937,2,3,2,1.0,0.0859236458200026,2569.8355361689883
23.255004079210103,2,2,2,1.0,0.0645164612294182,1208.7134292190935
-0.2780639661352145,0,2,0,1.0,0.1516541805793715,3193.762163060205
23.936413006076016,2,2,2,1.0,0.0276636915308699,2927.5769446367394
7.874793488451886,0,0,0,0.997229916897507,0.0579808755589236,1091.0962526275018
23.22033735372679,0,2,2,1.0,0.0018456740718086,1353.908263584036
16.183145900930796,1,2,0,1.0,0.0074074003213318,1460.3052424301677
22.879832119422726,1,2,2,1.0,0.0098125787245084,1395.8948543478546
10.448953908325166,2,2,2,1.0,0.0299387066586012,2777.7085734897787
38.60601244497852,0,3,1,1.0,0.0252070901481116,1705.2963069088255
5.09829895397667,1,2,2,1.0,0.0026240823527346,2942.0953475219426
35.716650415398746,1,0,1,0.997229916897507,0.0121416906672419,897.3836851155654
22.333874520574017,0,3,2,1.0,0.0169434644598781,1327.3578955079638
35.36349471387057,1,3,1,1.0,0.000801618238267,2044.477001185818
-2.07861667544778,0,0,0,0.997229916897507,0.0163281028756375,4729.953027669175
16.84110932543421,2,0,2,1.0,0.0184897569485965,2132.2965487228703
17.99948258428783,0,3,0,1.0,0.0088583141166265,2235.7233566960617
9.364912247546131,2,1,0,1.0,0.0900495833503935,797.9950424918397
39.339580318965886,0,3,1,1.0,0.0552055324642546,2651.0606547702173
16.699656075053813,1,0,0,1.0,0.0019495669636016,3007.976398976715
9.66105739093792,1,2,2,1.0,0.0079705029021452,1580.677029436422
14.497396883796442,2,2,0,1.0,0.0290913791850675,1553.2658832371696
13.641805050679409,0,3,0,1.0,0.0429943695425825,2676.2423698884345
4.974321337928985,0,1,0,1.0,0.0670370538877228,4119.253570211467
24.770904459575487,1,3,2,1.0,0.0008873024340066,3647.21470385776
3.677618899290509,1,0,2,0.997229916897507,0.0049259799633345,3645.130032464739
16.077356230281048,1,1,0,1.0,0.019448322890484,192.9253028101698
8.767488007969499,0,2,0,1.0,0.0956407832475636,1280.7874055237864
17.27017873614745,1,2,2,1.0,0.0079245445587011,978.1525911180696
17.755137810419818,1,0,2,1.0,0.0044181449929134,837.5692404416972
-18.18241665494644,0,1,2,0.9944598337950139,0.1485318334310452,5033.216284456821
23.69900847852389,1,0,2,1.0,0.0127326829928846,434.8823172375649
13.297690318465476,2,3,0,1.0,0.0454075960689373,2258.741279976832
14.850851578269967,0,3,2,1.0,0.0968718352736746,169.9206661471606
21.289843919941397,2,0,2,1.0,0.0,3715.449154495073
17.182461263057057,1,3,0,1.0,0.0042725177003921,92.27819196816633
38.54692617344698,0,3,1,1.0,0.0113862044190195,3484.1375332318
10.506279249892,2,3,0,1.0,0.047443685900156,4003.340343499805
17.201196262445116,1,3,2,1.0,0.0157033145100626,3339.689355052351
16.831792846198685,0,3,2,1.0,0.0256916571115446,3186.884399504875
16.847566528723117,2,0,2,0.997229916897507,0.036016097932909,2557.701950985989
17.937247437552873,0,0,2,1.0,0.0408523693205908,1810.4370969256115
21.44119240636396,1,3,2,1.0,0.0776809739768318,2019.9589582036283
39.35860426666559,1,3,1,1.0,0.0028673186141262,969.0822089689271
3.8412087025906976,1,1,2,1.0,0.001792710433547,1698.703761088144
21.132446300053385,0,3,2,1.0,0.0405175739598255,1101.2120694900768
22.74014529240916,0,0,2,1.0,0.0222505982645293,2625.358423578004
18.415111726839317,1,2,2,1.0,0.018201686312645,2034.1729699646849
12.217956027749786,1,2,2,1.0,0.0026396267030325,1114.9418097101802
12.347532699369516,2,0,2,0.997229916897507,0.0461191560617007,4210.493578432868
20.03805846115016,0,3,2,1.0,0.0530360770823959,445.017593992715
14.66962747194527,0,0,0,1.0,0.0063746835873138,3794.772184846592
7.250796153873743,2,1,2,1.0,0.0727829968711207,4081.9822565620193
23.49715636764378,0,0,1,0.997229916897507,0.0107196309293653,1840.1645163055573
21.396550105621827,0,3,2,1.0,0.0,1773.0716721216218
23.126722502132967,0,3,2,1.0,0.0401583916541162,1996.5451528615647
15.931296395402386,2,1,2,1.0,0.0587548919599663,1936.7328566210244
-24.953560461033504,1,1,0,0.9861495844875346,0.007304390044137,9000.0
38.33335945299264,1,3,1,1.0,0.0282114074938667,1663.852091385898
6.617149637923275,1,2,2,1.0,0.0022581051467106,3264.73233110443
18.000124967409178,0,2,2,1.0,0.0898619102339974,3140.645264693233
-8.045887568948594,2,3,0,1.0,0.1198938764880333,1635.9998189823862
14.32141452096018,2,0,0,0.997229916897507,0.0249371220712267,2944.51068509869
14.677979084043615,1,3,2,1.0,0.0056182871108896,3011.2326865409154
24.08483012656069,0,2,2,1.0,0.0129723283107847,3611.273558615894
33.19886202407914,2,0,1,0.997229916897507,0.008308530631287,103.45076981327696
22.48975343149481,0,3,2,1.0,0.0478140595444695,675.3586707089362
19.377645034595403,2,0,2,1.0,0.0736746399401481,1540.4977757258334
14.768422224692266,0,0,0,0.997229916897507,0.0342769318009974,2471.0177465716174
14.955168803073862,1,1,0,1.0,0.0110247873068399,4031.877640702922
22.851384730919104,1,0,2,1.0,0.0030758212297232,1977.4346277266463
11.740626088858692,2,1,0,1.0,0.0085308204871383,2605.911484085286
23.239408851472948,2,3,2,1.0,0.0498847598077209,2311.8243442542685
17.832794717316027,0,1,0,1.0,0.0090679909896024,48.868076274826
9.419290609498724,0,3,0,1.0,0.0162285493735517,2867.689781184858
7.984114362266075,1,2,0,1.0,0.0004439769464647,4105.037266686054
-0.6468707036382051,2,1,2,1.0,0.1447802346783941,504.42282429036953
21.90627597226788,2,0,2,0.997229916897507,0.0369653930195682,3177.3936914584506
0.5267461943045495,0,2,2,1.0,0.0670285018566604,6368.029910517947
33.05905892147149,2,1,1,1.0,0.0343069522949063,1717.3804759474306
5.465345760195344,1,0,2,1.0,0.0030032474931183,4458.857857372839
12.526703264621895,2,0,0,0.997229916897507,0.0631703709385417,850.5804703908728
19.76593706729033,2,0,2,0.997229916897507,0.0715559298640022,2570.3179660175724
21.382570229709252,2,1,2,1.0,0.0528226317488358,3738.219280930283
12.86014555049941,0,0,2,0.997229916897507,0.0794525068331573,1315.318582655277
21.621586111827547,1,2,2,1.0,0.005006254743871,996.8047443412052
21.680066583157327,2,1,2,1.0,0.0,821.6672055634795
36.45183479199224,0,1,1,1.0,0.0,2938.399158592905
16.926790901211106,1,2,1,1.0,0.0001513807819563,2462.1255204184827
17.376566294095255,0,1,2,1.0,0.0058402959660498,104.8036420600216
16.096715488989947,2,1,0,1.0,0.0990483607566947,1724.2507153282424
10.416454665471528,2,0,2,0.997229916897507,0.0735530796804236,1324.685300383477
13.110395331434638,0,1,0,1.0,0.0113242635544748,2351.2624796395844
34.38652231252824,1,2,1,1.0,0.0083653636305188,1855.413153072014
23.98382592556162,2,3,2,1.0,0.0,2779.7453877491225
-3.1892190276310983,1,3,0,1.0,0.0182586262743219,3827.966766368614
7.017597420087236,1,1,0,1.0,0.0115672818542485,3410.180817832276
20.962487305369347,1,1,2,1.0,0.0004067081252979,3651.982698278827
0.0807782085692618,0,1,0,1.0,0.0179444711651457,5370.373286788921
9.331659739322026,0,3,2,1.0,0.0643706733819057,4060.285020520936
21.1440442865486,1,0,2,1.0,0.0145222913846826,3060.532407776624
20.27677945408776,0,0,2,1.0,0.0144881579678651,727.5755704580162
13.439893792643351,2,0,0,0.997229916897507,0.0506469141553555,3922.131670863363
23.269405052531965,0,0,2,0.997229916897507,0.0122673794674979,892.8199022706957
18.845115288348843,1,0,2,0.997229916897507,0.0140114926264329,2997.5390395107543
20.52478863848959,1,2,2,1.0,0.0137034197393482,539.0279495270245
10.503890167286954,0,0,2,1.0,0.0410146934507336,3105.626261545958
17.588393158415833,1,1,0,1.0,0.0191558298387841,3673.3386924918673
16.112659804299216,2,0,0,0.997229916897507,0.0246937215226105,1823.402543164432
19.009467289062336,0,3,2,1.0,0.0138387603790711,1099.0158032205647
13.114392613148889,2,2,0,1.0,0.0396573062714284,2785.14207169785
39.31824676557547,0,2,1,1.0,0.0292276117725727,3314.51496486324
12.255287152835477,0,1,0,1.0,0.0035640387283954,2927.7282411569404
24.136297374284727,0,2,2,1.0,0.0383274966852653,3312.865704238012
38.55363742358229,2,2,1,1.0,0.0,3088.4446223585624
19.024321873745368,1,0,2,0.997229916897507,0.0025315844803485,939.4076467465912
11.001161128937849,2,0,0,1.0,0.018728525366115,799.9857555384465
21.39852008090246,1,3,2,1.0,0.0194029122744084,2976.293614830708
12.86441218761068,2,2,2,1.0,0.0203293228431022,2873.665731570368
13.57679769095598,1,2,0,1.0,0.00978247505084,2748.027360924634
21.22159724581481,1,3,2,1.0,0.0161011869572937,1749.3920692510435
34.597063198469726,2,1,1,1.0,0.0272651415772535,2022.430123573308
22.65137746165729,0,3,2,1.0,0.0027468373806306,2194.998499418963
16.381615066997785,2,3,2,1.0,0.0545203940826647,3074.132629591272
20.49815663596678,1,1,1,1.0,0.0041794742235856,3709.324387420044
37.10589064027569,2,2,1,1.0,0.0135592818405497,458.0320531681539
23.489722003901097,2,0,2,1.0,0.0551097446266442,419.1412053946083
16.2076390388468,2,1,0,1.0,0.0296475590591208,2672.4155319650263
10.752435164151546,0,0,0,1.0,0.0241375239125743,3284.3248678348464
-4.993453792555169,0,1,2,0.997229916897507,0.1547837790165883,8040.508939044941
18.572765488386025,0,1,2,0.997229916897507,0.0560440932257996,30.47464731691113
38.43251604763906,2,1,1,1.0,0.0,954.7257833327428
20.933596155787114,2,0,2,0.997229916897507,0.0250527292783731,2233.0435839689453
6.707727526862745,1,0,2,1.0,0.0166268666054296,3833.542911544331
34.14623985416413,0,0,1,1.0,0.0142363756982889,3517.445853601205
24.236690067098827,1,1,1,1.0,0.0152728696373283,1669.807473954338
20.652132019343924,2,1,2,1.0,0.0309443374028916,1876.784380159896
14.36991892737118,0,1,2,1.0,0.0448959980322497,2599.707404968197
39.52870465523494,1,0,1,0.997229916897507,0.0161812902538855,2761.0132004785573
23.40098792809964,0,0,2,1.0,0.0066028252840351,3131.2173814781177
38.59966028277691,2,0,1,0.997229916897507,0.0323090036931374,3138.0968213429537
22.266280310278376,2,1,2,1.0,0.0008283143813712,1483.1759097964175
5.302295587836071,1,3,2,1.0,0.0044869222245886,3406.9361644778423
23.730780851229085,2,1,2,1.0,0.0146743376581163,1646.9587210278294
20.96732829759327,0,0,2,0.997229916897507,0.0178213575872119,2755.990969765229
11.382238733276164,2,2,2,1.0,0.0360806856440198,1446.3018321405664
17.062287112252587,1,3,2,1.0,0.0187299930088103,1009.00274513047
5.550545704260429,1,0,0,0.997229916897507,0.0165343868427889,548.508523032098
23.67347116368977,0,1,2,1.0,0.0024230677120363,707.3272810933353
1.2553978949768787,2,2,2,1.0,0.1598299681521542,5749.838115942091
24.174448123256656,0,2,2,1.0,0.0487890977459602,1907.2280238294345
17.982320144413272,2,1,2,1.0,0.0036558251930428,3394.7328192871933
4.590831350978001,1,1,0,1.0,0.0006110193018931,5331.1962661041
19.645987577705704,1,0,2,1.0,0.0027437204247402,1777.9767854660754
17.192094014979713,0,1,0,1.0,0.0281462187086555,646.013550185722
14.383611106181744,1,2,2,1.0,0.0098742227975272,397.8045163774552
14.24867951792696,2,3,0,1.0,0.0825522834305557,3504.2826116218444
16.67794599387076,2,2,2,1.0,0.0202863904293975,2353.16770261336
13.21895105447192,0,1,0,1.0,0.0473954056063322,4068.939053879504
21.534292748249605,1,2,2,1.0,0.0039224590471016,1727.2916949758703
19.9881247000918,0,1,2,1.0,0.0676756236479796,1251.3383655401883
18.83023420148611,1,1,2,1.0,0.0161440510117268,1936.9237670078085
19.25231216736456,2,1,2,1.0,0.0305956953811072,2946.384864855267
21.899409881727607,0,0,2,1.0,0.0108269074899747,2904.571824998177
1.3805880982951,2,2,0,1.0,0.078584000480736,3557.748114311694
20.600720118406716,0,3,2,1.0,0.0280439885839221,2890.4496589540327
9.464050278101272,1,0,0,1.0,0.0003194590853094,2429.906336426285
17.781215441897068,0,2,0,1.0,0.0644932869985177,2379.068408041817
23.21138645730116,0,3,2,1.0,0.0365463526096228,3217.63618742074
20.65455334271876,0,0,2,1.0,0.0,2006.6964043568123
18.24444944352767,1,3,2,1.0,0.009662529854263,3327.1605981632706
21.537218580401984,1,1,2,1.0,0.0143361326087726,3450.595255582082
-2.0018302542425355,0,1,0,0.997229916897507,0.1764209168011355,159.01738841446533
13.68761259546268,1,0,0,0.997229916897507,0.0001911426259815,1215.28982996002
21.782418452080847,1,1,2,1.0,0.0022531893541242,2641.599723402332
38.812431162928746,1,0,1,1.0,0.0094761368535901,732.7900994928049
37.64968193719315,0,2,1,1.0,0.0183887151780538,3397.936586016292
19.001880783873517,2,1,2,1.0,0.0526264541552016,491.3660793843477
4.563664729817416,1,3,2,1.0,0.0046730893404917,2406.5782350917843
15.070415463417037,1,1,2,1.0,0.0026245296390167,3665.283119387324
21.49812664543775,2,1,2,1.0,0.0509341727197018,1965.998549975544
17.583895696150776,2,0,2,0.997229916897507,0.0704708777059191,2102.5610634751583
21.402194834167464,2,1,2,1.0,0.0014344837113865,2165.013381803544
23.486919943898343,0,3,2,1.0,0.0,2202.377192915535
-0.0766998515693224,2,1,0,1.0,0.1121083010019729,7009.8702030962095
19.164754055603037,2,0,2,0.997229916897507,0.0181714791254101,205.19336177532955
8.663562582731258,2,3,2,1.0,0.1028451936260083,132.9660927158338
39.58839274161289,2,3,1,1.0,0.0450568446517014,3466.7270910681123
14.930650389660403,2,1,2,1.0,0.0188492327699048,4133.760876952957
-9.506842877404017,1,0,0,0.9916897506925207,0.0165075336667808,4867.2508325575445
12.85849964001174,2,2,0,1.0,0.0473499236557777,3530.975692148138
12.822918833268009,2,3,0,1.0,0.0583047723221819,276.919791048239
17.147684904485338,2,2,2,1.0,0.0979288792254919,3044.294520865912
38.90629860519104,0,0,1,0.997229916897507,0.0174081544562208,3317.278834720501
21.10348904362342,2,3,2,1.0,0.0373970965734325,2592.7264153726487
16.367859390213674,2,2,2,1.0,0.0972400082658074,3987.197556532581
16.170965044989238,0,1,0,1.0,0.0362186657633214,2269.5287714644824
23.92271910085401,0,0,2,0.997229916897507,0.0293415064518893,1923.7973862809456
1.5120429603791572,2,3,2,1.0,0.0582566421124715,5467.661986358266
-4.145504768227138,0,0,0,1.0,0.0157670271716915,7517.790565644711
16.316254284048068,0,1,0,1.0,0.0021303307270688,1610.9056566139682
39.65776311278685,2,3,1,1.0,0.0305549775544543,490.81522969313534
20.455624884017013,2,1,2,1.0,0.0223173444496455,2291.2103500355074
13.215508030522257,1,1,0,1.0,0.0169164884927732,1019.9293245020704
39.60740180479357,1,0,1,0.997229916897507,0.0082780281961326,1653.9887150072989
19.47326609599045,1,1,2,1.0,0.0223738770783239,2677.6030788209564
23.604505859793143,1,3,2,1.0,0.0151095616611596,2520.616314507588
19.110260522559884,0,0,2,1.0,0.0182045594110862,1225.330828190985
20.51371187595589,0,0,2,0.997229916897507,0.0527762241447709,1128.1315694426398
