episode,mean_reward,total_reward,best_reward,final_reward,steps_taken,convergence_achieved,reward_improvement,state_stability
3,0.5365083253511393,107.30166507022787,1.4162985756369582,1.0336031042100586,200,False,0.4579548914140201,0.2980117185628109
3,0.5628737232547409,112.57474465094819,1.4756338788146348,0.05081940804899164,200,False,-0.9262674243859353,0.2919797874223555
3,0.5601474732410489,112.02949464820976,1.415132580461743,1.012568107166678,200,False,0.4379994268829043,0.29850354096756676
3,0.5679541488733645,113.5908297746729,1.4773191199972273,-0.017901427607740827,200,False,-0.5839390815369894,0.29346186507176036
4,0.563202623813032,112.64052476260639,1.1716845171017116,0.0430507791911635,200,False,-0.5305987524190404,0.2910895642099882
4,0.5727048649469897,114.54097298939793,1.5293630840372723,0.07759552886876486,200,False,-0.49830257111049125,0.29390186314702965
4,0.5648588039222107,112.97176078444211,1.4729658059810524,0.5027399921467273,200,False,-0.07507348374276868,0.2907233600360321
4,0.5774337455759588,115.48674911519177,1.4405847509817624,1.0711879327845755,200,False,0.5590154943297333,0.29403920434860453
5,0.5491955259622058,109.83910519244115,1.4751782668390434,0.014535194276931604,200,False,-0.5570428511715753,0.28942812619670605
5,0.5588143180147902,111.76286360295803,1.4765177901314512,0.00862342046451213,200,False,-0.5649734769377368,0.29377814031603305
5,0.5560743681449202,111.21487362898402,1.157991520900334,0.06716607179778755,200,False,-0.5624743933057683,0.29041897343987627
5,0.5644807375489606,112.8961475097921,1.4719771491747067,1.0773678402569478,200,False,0.5024773849949798,0.2858989701907511
6,0.5581930051612791,111.63860103225583,1.5362357837751852,1.0967746372220892,200,False,0.5301925650256188,0.29116876572672484
6,0.5617351662855496,112.34703325710991,1.4442234989539364,1.01902452716489,200,False,0.44590767195095826,0.29745012096775625
6,0.5585021911491206,111.70043822982412,1.47676858321281,-0.014111988349509441,200,False,-0.5906001546224583,0.283286746525857
6,0.5597422777581251,111.948455551625,1.50939893703143,-0.01687134216213515,200,False,-0.5913544901518702,0.29482416133037675
7,0.5400351638734988,108.00703277469977,1.179276643798112,0.9820464099173892,200,False,0.40193809260442637,0.2894160174750727
7,0.5592690052528122,111.85380105056245,1.5224346010499996,0.04089228875456409,200,False,-0.5330472339132334,0.2959240440472956
7,0.5677325427374399,113.54650854748797,1.496759676731154,0.009401204251313064,200,False,-0.564803736309936,0.2908083804128791
7,0.5407242339140444,108.14484678280887,1.421856593252132,-0.026305275879347723,200,False,-0.6026676986811791,0.29241168952535873
8,0.5501253298957849,110.02506597915698,1.4744489691826044,0.07292608024514147,200,False,-0.4923825677458099,0.303251820432983
8,0.5626016244130924,112.52032488261848,1.4701286416887291,1.012537831847375,200,False,0.4430105651715487,0.2906829222923781
8,0.5627157105203616,112.54314210407232,1.48020510868963,1.0665007430072062,200,False,0.48937574037354403,0.29423359072717614
8,0.5614079196372285,112.28158392744568,1.4414167787093304,1.0778672908360845,200,False,0.49979689485399414,0.2901038680711711
9,0.5652265842394896,113.0453168478979,1.5289941784917385,0.07691869852162934,200,False,-0.6097463705051577,0.2767745263417263
9,0.5639246144248982,112.78492288497961,1.5242481671368333,1.0508661195305964,200,False,0.47500733647919857,0.28493982729849066
9,0.5538428036844255,110.76856073688509,1.4135708409092638,0.014637714987911034,200,False,-0.5671231149264211,0.29091135074069513
9,0.553553805832283,110.71076116645659,1.4387684333764459,1.0810831583989984,200,False,0.506750136016247,0.2840977032900586
10,0.5741808686423939,114.83617372847878,1.4733617058617103,0.04408423169303054,200,False,-0.5326053921756386,0.2996054908834457
10,0.5699150525413083,113.98301050826166,1.4757269538372255,1.0409012651159106,200,False,0.4223446666783056,0.29176989580034146
10,0.5433469074420006,108.66938148840013,1.4136229736941899,0.020150872553659882,200,False,-0.5600059038827692,0.2930681978776848
10,0.5322827820052155,106.45655640104312,1.4505141142938633,0.09553325317496819,200,False,-0.4795614924279551,0.29253108719591336
11,0.5518712905542178,110.37425811084357,1.4774877319814836,1.0127906137804286,200,False,0.44089339568604824,0.2938849112667126
11,0.5574155031008966,111.48310062017933,1.4460498723105009,0.04955139066322854,200,False,-0.5246953006951695,0.298871624060714
11,0.5705377105766822,114.10754211533644,1.4705425983304643,1.0778062385340823,200,False,0.5018170078655001,0.3022688482928633
11,0.5455675257468564,109.1135051493713,1.5221361677514667,1.1068476939664043,200,False,0.471491036460278,0.29895201889889855
12,0.5468094445042707,109.36188890085414,1.4550982861378705,0.019929329996520972,200,False,-0.5697430150944014,0.2840535471883446
12,0.5856439827525021,117.12879655050041,1.5272163496069848,-0.013225035559030651,200,False,-0.5870789875813007,0.30590204477850874
12,0.5563255768702823,111.26511537405645,1.5225767987517367,0.016191694316902358,200,False,-0.5504444269005575,0.2915457107274025
12,0.541967959167587,108.39359183351739,1.1219538763793229,1.045516620625862,200,False,0.4744490413123711,0.29564015940292065
13,0.5422837416500683,108.45674833001367,1.4780968914762838,1.0500538274665228,200,False,0.4704243566186981,0.2862919221235519
13,0.553321730202867,110.6643460405734,1.4997284252770495,0.008536622980642714,200,False,-0.5663290999272962,0.3002837957285134
13,0.5484703212661923,109.69406425323847,1.470583901423408,1.078212867170913,200,False,0.5097619301307428,0.2941559433884126
13,0.5487886615520914,109.75773231041826,1.4565636714783297,0.9858439453397617,200,False,0.3557322238851144,0.29661986767780735
14,0.5607359947049438,112.14719894098876,1.464297125296542,0.07738269657516239,200,False,-0.4960400371666833,0.28748969252450607
14,0.5642364957299661,112.84729914599323,1.4789785491404825,0.017400190403538462,200,False,-0.5588651047124996,0.2898849044055306
14,0.5552566666772037,111.05133333544076,1.4773623746547355,1.1307751788481961,200,False,0.553044771729183,0.3000350730887259
14,0.5663931708077257,113.27863416154513,1.4713854956614334,1.4713854956614334,200,False,0.8434229203776686,0.29604318122015777
15,0.5599578714848706,111.99157429697414,1.4927047207385793,0.07578321868359483,200,False,-0.4981378473692559,0.287465644896549
15,0.5645988291325511,112.91976582651023,1.4906345911042358,1.0746002175586349,200,False,0.4952743727094875,0.28556646486238146
15,0.5562654987985702,111.25309975971405,1.4513142859107406,1.0177951988038876,200,False,0.4473172092144331,0.29026739030945475
15,0.5681257544591113,113.62515089182226,1.4934840424404037,0.9684131970570696,200,False,0.39528101527469073,0.2963795208821831
16,0.5395583964194676,107.91167928389352,1.3817675875319266,0.9775816425259655,200,False,0.30289134903826764,0.2932092035850581
16,0.552120990047971,110.42419800959419,1.403697581044293,1.0130496069260666,200,False,0.43800358208877954,0.2916475998078353
16,0.5577568484233494,111.5513696846699,1.4423887996240738,0.07700290448068725,200,False,-0.5426195360924607,0.29142191953355273
16,0.5605597052318995,112.1119410463799,1.4720526607527935,0.06676858719861842,200,False,-0.5095003798754525,0.3001122083580845
17,0.5562869763681562,111.25739527363123,1.4705238965598282,1.0146927125649734,200,False,-0.013170065589762192,0.2962644425511139
17,0.5595798393832615,111.9159678766523,1.4735985192293448,0.05302988291753706,200,False,-0.521625293680611,0.29443326301563594
17,0.5666397529726739,113.32795059453478,1.5168870782776978,0.07582936263351137,200,False,-0.8292305960196539,0.29281276619037433
17,0.5724685976587761,114.49371953175523,1.4755106179901847,0.9845876041188869,200,False,0.41171156641775697,0.29819100030138157
18,0.565674215747388,113.1348431494776,1.525899915155203,1.0506459807080195,200,False,0.47540375726776585,0.2890212208822319
18,0.5654461762098546,113.08923524197091,1.5052305018261538,0.04505933654777984,200,False,-0.5288592631336224,0.29804530209245983
18,0.5393262807368293,107.86525614736588,1.4758185895298754,0.01718896208195418,200,False,-0.5586298475878942,0.30516189512478836
18,0.5365144752388824,107.30289504777649,1.476869740564861,0.9786392396268461,200,False,0.41083641743680854,0.278554424586723
19,0.5568832741291512,111.37665482583023,1.4629135996042066,1.0756940457886706,200,False,0.5052119463767574,0.30021516240660157
19,0.5829896984465569,116.59793968931137,1.52330948981197,1.047018171104716,200,False,0.48124421027060693,0.29696799346004366
19,0.5594448460334928,111.88896920669856,1.1508500364939862,1.0456068970241006,200,False,0.41546748349867346,0.2973070075740708
19,0.5698182888174794,113.96365776349587,1.528008536949383,1.4104985223297,200,False,0.8482047824876963,0.29140252555562207
20,0.5504226209892945,110.0845241978589,1.4801701569122185,0.0121174875704214,200,False,-0.5617312392776789,0.2938806605878521
20,0.5700217439974559,114.00434879949115,1.1870872537701902,1.0788966920581409,200,False,0.5134468555618402,0.2904422572827017
20,0.5559033462519218,111.18066925038435,1.526833003493927,1.031653635467066,200,False,0.4564719334684284,0.2918683467155779
20,0.5682027295521686,113.64054591043372,1.4781666765738322,0.04149807229425494,200,False,-0.9324347897921009,0.2951056607843768
21,0.5800947331213241,116.01894662426481,1.4770408844690468,0.04062708843698461,200,False,-0.9863767705553645,0.28966568632115985
21,0.5468015406009314,109.3603081201863,1.413157842719011,1.0745578008394348,200,False,0.5067126056905769,0.2945253503414428
21,0.5656240615032335,113.1248123006467,1.4540725974492081,1.076588032592676,200,False,0.5001866551174369,0.2982038537032898
21,0.5578955989862252,111.57911979724504,1.4728296109216354,1.0384281992978233,200,False,0.41671583131323975,0.28637318225851705
22,0.5605432371889297,112.10864743778595,1.4653930581151973,0.0752851716957148,200,False,-0.558215270754427,0.29354396571945157
22,0.5488731188453361,109.77462376906723,1.4194001032100376,0.05408702193140201,200,False,-0.5226899938959371,0.2908826479222485
22,0.5524536196855934,110.49072393711867,1.4194432868499052,0.013118825242429466,200,False,-0.5667701784219372,0.29455389380240743
22,0.5500660222715672,110.01320445431344,1.5226589611925196,-0.01628060777321938,200,False,-0.6464250725240864,0.2982317269717984
23,0.5473675992532496,109.47351985064994,1.4485180197472036,1.0579908791278514,200,False,0.48531535542420057,0.29255030155817224
23,0.5638184585393041,112.76369170786081,1.4715848739865238,0.12074205359262158,200,False,-0.8525141647229896,0.29753413034103426
23,0.5588695710143049,111.77391420286098,1.5072606443323833,1.0174360263372373,200,False,0.448182914180011,0.28923684189493903
23,0.5722855926513799,114.45711853027598,1.4966605939708124,1.0173183887104869,200,False,0.4414549461450429,0.2921573827047703
24,0.557706136907739,111.5412273815478,1.4525074324271852,0.12736418136681382,200,False,-0.4999060478915742,0.2845044569791843
24,0.556765719503845,111.353143900769,1.4711705441950418,0.0430619325812517,200,False,-0.5287209280885342,0.2948347625058098
24,0.5496957954541047,109.93915909082095,1.1789990391960898,1.0212309471094763,200,False,0.3976530685487266,0.2876325789617299
24,0.5425266726062239,108.50533452124476,1.480802831170037,0.04561118594808154,200,False,-0.7971549991222787,0.29661403744218423
25,0.5425146421364648,108.50292842729297,1.4725785063507186,0.015523927877669083,200,False,-0.5512489595339867,0.2913146375365966
25,0.5639324788694822,112.78649577389643,1.4989873824631315,1.0964764257064399,200,False,0.5222019494978514,0.2863741919766963
25,0.5645849158909941,112.91698317819882,1.4648452627585073,1.016033601084647,200,False,0.38561071995951635,0.2933934275511739
25,0.5541368633421883,110.82737266843766,1.4767781709588417,1.059464284632785,200,False,0.4930109534946613,0.29244323786387844
26,0.5429196411187256,108.58392822374512,1.1266149953205016,0.07247580420320576,200,False,-0.5066754911917424,0.2871281879477433
26,0.5503401671371704,110.06803342743407,1.4782046674094822,0.05516717426974936,200,False,-0.523955314434323,0.28931661663429276
26,0.5434204156483766,108.68408312967534,1.4058671907399036,1.0937309702376756,200,False,0.5281567075069856,0.281904671777594
26,0.5549024060919991,110.98048121839983,1.476554123764959,1.0477300540442558,200,False,0.4744381196434029,0.2934667313730001
27,0.5719977990556061,114.39955981112122,1.5300713256697547,1.038291242193633,200,False,0.4605412935786829,0.2894019563230676
27,0.5623499274118313,112.46998548236627,1.5424877273221462,0.04782632605342198,200,False,-0.526007208167986,0.2930737384785265
27,0.5553327978149011,111.06655956298022,1.5319598945124917,0.011955669701440227,200,False,-0.5616685310915891,0.28622066791992296
27,0.5489047866498795,109.78095732997592,1.4325466189032836,0.47571283209657256,200,False,-0.10043088129968725,0.29008330057395537
28,0.5573787234195203,111.47574468390407,1.465812091114255,0.12637157444481528,200,False,-0.44791453341180454,0.28443605348827666
28,0.556552642640768,111.3105285281536,1.4464623959721146,1.0510343600394645,200,False,0.4856958392864449,0.28133841914829993
28,0.5498644268024958,109.97288536049916,1.446655236924671,1.0099684519158019,200,False,0.4316967979089461,0.29080924947669917
28,0.5595006784109049,111.90013568218097,1.4750367998772846,1.0405622847721585,200,False,0.4119768761357605,0.2865816991423192
29,0.5485557458140338,109.71114916280675,1.5323996614923545,0.12841173391934757,200,False,-0.4478484878262238,0.28993647713034293
29,0.5494769040852758,109.89538081705517,1.5277077378605117,0.032927757587777995,200,False,-0.5460532327070221,0.28748879670052035
29,0.5608426012087139,112.16852024174277,1.4630395850222198,1.0693914507851978,200,False,0.4936953414443789,0.2968609407799686
29,0.5505214964443425,110.10429928886848,1.5169734309562597,-0.01572253599259643,200,False,-0.5922343139690385,0.28942674807722
30,0.5576015346928939,111.52030693857877,1.2447764351820871,0.07532150262432347,200,False,-0.5586088592233257,0.2924131919851935
30,0.566753613822127,113.35072276442538,1.5005041713539213,0.044063438726428164,200,False,-0.5336901140298124,0.2917880419957885
30,0.5543307166711586,110.86614333423172,1.5798808889481952,0.07807764586236998,200,False,-0.49324094355381043,0.29653994638771025
30,0.5626181136949255,112.5236227389851,1.4726343242839532,1.01283446193776,200,False,0.4429067976418817,0.296954604876249
31,0.5639302419803321,112.7860483960664,1.4960712655278798,1.0089170551819833,200,False,0.4442457380492759,0.29405707729151415
31,0.5640930183453371,112.81860366906741,1.528341304651403,1.0356842952860854,200,False,0.4610551051302437,0.29285694966306197
31,0.5605138174872415,112.1027634974483,1.4745380262283119,0.02602347530408744,200,False,-0.47743232029253935,0.29948154319922354
31,0.5535676873511768,110.71353747023537,1.5180783687429513,0.04762110759656203,200,False,-0.6336047924604733,0.29202134233052207
32,0.5768387383193807,115.36774766387614,1.479903387259441,1.0567123345641707,200,False,0.47814764263048304,0.2951700824227696
32,0.5640615743588124,112.81231487176248,1.5233432298853382,0.0742313769199413,200,False,-0.4964557709230212,0.2981810002373047
32,0.5548849810709513,110.97699621419027,1.4782830766051605,0.021087669313124113,200,False,-0.5560754417217971,0.2977819268274899
32,0.5412914719005607,108.25829438011213,1.41922046322164,-0.018234206806114983,200,False,-0.5971583328119444,0.28527352724901356
33,0.5714755612115513,114.29511224231027,1.4788228538316197,1.1104222565090283,200,False,0.130128334731608,0.2899773477113052
33,0.5559113130478393,111.18226260956784,1.393789429118352,1.0664843080134296,200,False,0.49165591490671035,0.2893416843128847
33,0.5532418699070013,110.64837398140025,1.4794775121323582,0.07527471131577634,200,False,-0.49834754071383813,0.28890784493950594
33,0.5410202186363966,108.20404372727933,1.184020809387244,-0.015604819022024596,200,False,-0.588415169337925,0.29359137276331837
34,0.5653619864190229,113.07239728380459,1.455907244071964,1.0109034963674566,200,False,0.43471277955371945,0.2930147319001243
34,0.5672740978272154,113.45481956544307,1.4976483229691657,1.0070113391979625,200,False,0.4441350260765544,0.2887214003941718
34,0.5666376040300215,113.3275208060043,1.475436087370411,0.014733924360488024,200,False,-0.5595748135557169,0.2979683597249303
34,0.5624952381393825,112.49904762787651,1.1531338657801307,1.0674172730984661,200,False,0.44076670444997645,0.29646465612550243
35,0.5609694493569498,112.19388987138996,1.473497374811924,1.0509619825013334,200,False,0.4794089111217247,0.2984094404949842
35,0.5679122076860428,113.58244153720857,1.4707219231065647,1.0648701761733328,200,False,0.4893740583704701,0.29626542610567547
35,0.5614640312633941,112.2928062526788,1.528482604409999,0.017551405600574443,200,False,-0.5562991785240635,0.2945478743949004
35,0.5545767151785825,110.9153430357165,1.473553943820175,0.05222598632349261,200,False,-0.5271429826262121,0.29121686926987905
36,0.556911784074484,111.38235681489681,1.476878624387812,0.04591984071405107,200,False,-0.5300091266974278,0.2897695460987881
36,0.5687246824495138,113.74493648990277,1.4775289059228776,0.04777143389516701,200,False,-0.5248998870589969,0.2854963137296757
36,0.5616288595239578,112.32577190479158,1.467324999970667,1.0121999343772192,200,False,0.38536057322621686,0.290421044679708
36,0.5674609060131665,113.49218120263329,1.444765394430022,1.0394924212253858,200,False,0.4630421516240062,0.2880337121977144
37,0.5501545141716084,110.03090283432168,1.4529966216756594,1.071579046208636,200,False,0.5532642391617173,0.2963887988700448
37,0.5649282748162099,112.98565496324198,1.4739868406368912,0.015134627689129307,200,False,-0.5568622114987591,0.2896191356289476
37,0.5552882705922948,111.05765411845897,1.5182110461059786,0.09728206385674933,200,False,-0.47707118836849227,0.2889716990855542
37,0.5474827311395754,109.49654622791508,1.5025349148139377,-0.018033242507076497,200,False,-0.639835523752746,0.2856807164304023
38,0.5516903644628798,110.33807289257595,1.4746850416032808,0.09837882637143582,200,False,-0.47833325006170724,0.29954303358681
38,0.5653655180933406,113.07310361866811,1.4762287264450877,1.0155630209161226,200,False,0.4463432637386445,0.2920629353100521
38,0.5646844819620965,112.9368963924193,1.4708356622701568,1.0152934719946864,200,False,0.44757625396010037,0.29870734755420997
38,0.5674977054503444,113.49954109006886,1.4794671887400144,0.03804201379550408,200,False,-0.9917043287195103,0.2948616613471853
39,0.5611960365939296,112.23920731878592,1.5173636380341777,0.017220591069507893,200,False,-0.5823933946420495,0.2967039457986505
39,0.5711803791122121,114.23607582244242,1.4781013014675146,0.11885311053374592,200,False,-0.5117062418329951,0.28705406758093444
39,0.5588516893681479,111.77033787362957,1.444898280573153,0.012360234697034511,200,False,-0.5612640079235874,0.29185408185207473
39,0.5336844704084747,106.73689408169496,1.4668072123441638,0.015500080120687362,200,False,-0.5639708960459094,0.30196983615136735
40,0.5525292896902784,110.50585793805566,1.4528781315224737,0.10447837439500672,200,False,-0.4392595949842064,0.2845393449231182
40,0.5683739663030968,113.67479326061935,1.4816203553462235,1.0704133454944222,200,False,0.4989796493936084,0.289968087156126
40,0.5508759859001732,110.17519718003466,1.5291071444707418,0.12369326858493934,200,False,-0.45601051773556833,0.29989846091166955
40,0.5626913994351724,112.53827988703449,1.4788748039224573,1.0786302105194643,200,False,0.5977961829086659,0.288618013646976
41,0.5711126931971099,114.22253863942198,1.4974820491889458,0.008210612452257966,200,False,-0.5627740767511064,0.29217388784484505
41,0.5531533978255022,110.63067956510045,1.1298914678100735,0.011168560747138151,200,False,-0.6166620589099013,0.29414587638282896
41,0.5709044855893519,114.18089711787039,1.5191197376245251,1.0788372875848986,200,False,0.5025544599340164,0.2997987834083622
41,0.5759832939337891,115.19665878675782,1.281844763638899,1.0437077141225621,200,False,0.47242310112291996,0.29812154757129966
42,0.5679547460277774,113.59094920555548,1.4419564068355413,1.0511897151012237,200,False,0.480177711308887,0.296102078204958
42,0.5569039544072357,111.38079088144715,1.49721584068607,-0.02476641385556333,200,False,-0.6519053793335412,0.2923873363781931
42,0.5621166603241211,112.42333206482422,1.4515088122915656,0.0336052957090531,200,False,-0.5093308107024335,0.2981776085557264
42,0.5641061629282298,112.82123258564594,1.4696619469012426,0.04599574069472957,200,False,-0.5799590658926602,0.2941476294931133
43,0.5529554258222337,110.59108516444672,1.4477116922975395,1.0715019673931332,200,False,0.44487506772624297,0.29316731322125794
43,0.5575321119633855,111.5064223926771,1.4960684401621933,0.0464404122343315,200,False,-0.5289149962092823,0.29290155575738896
43,0.5644162537638056,112.88325075276113,1.4526987865942425,1.0166804114662618,200,False,0.44277139262747867,0.29275696079726543
43,0.5497605232632107,109.95210465264213,1.4740048902944722,0.07640612692240545,200,False,-0.4953495863645434,0.2883205110808376
44,0.5530106784230122,110.60213568460243,1.4788895128365165,0.06700773314723318,200,False,-0.5077409074472063,0.2980771649785143
44,0.5314265497503782,106.28530995007563,1.5857323920943323,1.0146483304445486,200,False,0.4414609053549441,0.28761543898839115
44,0.5584499868738189,111.68999737476376,1.5267076717098522,0.07564306968591406,200,False,-0.8946154352673756,0.2958644070623095
44,0.5427547945203987,108.55095890407972,1.4514163453922724,0.01997384676314562,200,False,-0.543840545255763,0.29698624006842794
45,0.5669379500866688,113.38759001733376,1.3311134232378097,1.0502472025413025,200,False,0.4856924504289951,0.28810925212217886
45,0.5481457444693736,109.62914889387473,1.4767307037436945,0.07652630357577028,200,False,-0.49618305578141264,0.2952695815879585
45,0.5647501052745748,112.95002105491496,1.4643136301608035,1.0738164376388362,200,False,0.5073864162431777,0.3002909546877755
45,0.5536539635700756,110.73079271401511,1.477755734100176,0.050041493296687375,200,False,-0.5245976101898167,0.30137222276280184
46,0.5554327047562129,111.08654095124257,1.477211478727686,1.0702631512472953,200,False,0.49418473573377864,0.2909218546490137
46,0.5586292677541366,111.72585355082731,1.4577224151876298,-0.019458880401939327,200,False,-0.5938008890588881,0.30077268940104884
46,0.5664732469618137,113.29464939236274,1.4766387437608395,0.07866141382942426,200,False,-0.5447505646091253,0.29157734832055554
46,0.5509087432468697,110.18174864937394,1.4676693375379606,0.017918875497475728,200,False,-0.6615329500353513,0.2940178980699539
47,0.5538624843241889,110.77249686483779,1.4506271417367864,0.012657319637679243,200,False,-0.5614465229539851,0.3117387518332091
47,0.5428245013832723,108.56490027665448,1.4695303082512456,0.06500542929828011,200,False,-0.5074548178466783,0.29967308267155046
47,0.5522943768564634,110.45887537129269,1.5007811950146204,0.07943132596710269,200,False,-0.4886345709962351,0.28981889704746805
47,0.5475985304669908,109.51970609339816,1.4988883602701177,1.0736141530672716,200,False,0.554943520619771,0.3025392265910513
48,0.5690487027318105,113.8097405463621,1.4766285142921372,1.1194114531822277,200,False,0.6040303267489371,0.2853645263384709
48,0.5804205177678153,116.08410355356307,1.518075755297469,0.07487194434658107,200,False,-0.5001105951599791,0.3039108697068255
48,0.563638476995706,112.7276953991412,1.4919462848478144,1.0136822882096064,200,False,0.43734024376470493,0.2969894154384642
48,0.5432219907546205,108.6443981509241,1.4385164539392672,1.0760988197043961,200,False,0.49889374978393086,0.29443983952091163
49,0.5528867971192714,110.57735942385425,1.5331183414471676,0.09854700993274014,200,False,-0.4750695409544966,0.2949346834926866
49,0.5652014282543373,113.04028565086746,1.4674618782820679,1.069940065187344,200,False,0.4446757628511928,0.28905741308920296
49,0.547322930087425,109.46458601748502,1.4867996285881153,-0.020663038223098007,200,False,-0.5958270835869436,0.29289280160220443
49,0.5527650096829505,110.55300193659009,1.450254849406276,0.9866868133696644,200,False,0.4194325891474806,0.29032875596635777
50,0.5472259744444079,109.44519488888159,1.4023834594342977,-0.020701742485221386,200,False,-0.6010640731944519,0.2912114469564469
50,0.5533349521617035,110.6669904323407,1.4738749487242542,1.0518056885728433,200,False,0.47746777035579624,0.2910071433814688
50,0.5579920530374967,111.59841060749933,1.4782813433124558,0.9796289905982397,200,False,0.40316279646614517,0.2867148570305151
50,0.5478168681616005,109.5633736323201,1.478366462484085,1.2767378864102494,200,False,0.7048621518348177,0.28672722138187445
51,0.5512940189504653,110.25880379009307,1.47127293582594,1.0356914309001997,200,False,0.4086541804883058,0.3016985500736138
51,0.5347881516997436,106.95763033994871,1.4707073802268,0.04691221870813841,200,False,-0.47229494055071136,0.3012024460117231
51,0.5534908130928037,110.69816261856073,1.1278592157396965,0.04757270697476689,200,False,-0.5812697479249196,0.3025872654622681
51,0.5530899533954312,110.61799067908623,1.4775540679303205,0.12607892480406913,200,False,-0.4958307173900762,0.295250243753858
52,0.55512418436942,111.02483687388398,1.4751995029920137,1.064391812681985,200,False,0.49850191922166154,0.29306852393953403
52,0.5624686763565321,112.49373527130642,1.4661159121538059,0.9799820408190201,200,False,0.4015449486631858,0.28900712164188797
52,0.5626554387097241,112.53108774194483,1.5025809410242752,0.04985082180142085,200,False,-0.529749360593367,0.2921036470752265
52,0.5407187515291614,108.14375030583228,1.5289114008989035,0.06383200392023747,200,False,-0.5082876340993417,0.291555762671347
53,0.5389929740178625,107.7985948035725,1.1586705459801623,1.018616712683494,200,False,0.44723318427582526,0.2999532524638359
53,0.5594668614416932,111.89337228833864,1.4988771054637726,1.0635152507801249,200,False,0.5236870091540231,0.2951397579677561
53,0.5560162416116883,111.20324832233766,1.464885433331793,1.0463281741483597,200,False,0.42405353305756255,0.2909096558637005
53,0.5664749378742621,113.29498757485241,1.448097710040016,1.0741338760300976,200,False,0.45118518769889115,0.29120955264734316
54,0.5353739107165487,107.07478214330973,1.1308240126562614,0.009660279818489256,200,False,-0.563373007644574,0.28575148385495097
54,0.5723850320068512,114.47700640137022,1.4440894498139054,1.1267195355242743,200,False,0.5476774018681548,0.2969316997886438
54,0.5632403539849884,112.64807079699766,1.47588168969765,1.0177098600532994,200,False,0.44130833628248767,0.28661677317778517
54,0.5506371028237096,110.12742056474191,1.4113143882538088,0.9844444250849117,200,False,0.4754225701918997,0.29521782490910253
55,0.5550515548842408,111.01031097684817,1.4729868388160803,0.06960066119766883,200,False,-0.505241908820138,0.3006982734474064
55,0.5498374177910444,109.96748355820891,1.4629613796131111,1.1012287361751893,200,False,0.5241759252843751,0.29698772808623136
55,0.5624906304128703,112.49812608257406,1.477123167146003,1.0765120030971183,200,False,0.4550121179085924,0.29274773883769006
55,0.553721724143462,110.7443448286924,1.4796711691675997,1.0962896257970962,200,False,0.4769755546253672,0.29589596504476073
56,0.5807201173618171,116.1440234723634,1.525235333748213,0.07836950380408857,200,False,-0.48964525642839996,0.29628878221350674
56,0.5763937576567154,115.2787515313431,1.475926892781989,1.0772146012914616,200,False,0.5015081041149367,0.2876162194976332
56,0.5618176624575068,112.36353249150135,1.4448471204237965,0.05304814684633595,200,False,-0.5234492026509857,0.30323446047663083
56,0.5701879370077785,114.03758740155571,1.4792613706000597,1.0441818846931505,200,False,0.4687047314110765,0.2855038820582692
57,0.5554400644431525,111.08801288863052,1.4765229407195024,0.06272900172580687,200,False,-0.5130797487030065,0.2858554408271351
57,0.5419315175373625,108.38630350747249,1.504362763859197,0.07055765301652828,200,False,-0.504928783690715,0.30172807565258336
57,0.5576695482963595,111.5339096592719,1.3633683706660664,1.0421132636897923,200,False,0.4685777178027448,0.28894659167094133
57,0.5616035932549718,112.32071865099438,1.5283968359344025,1.0700517608778837,200,False,0.48869940587243066,0.2933692166538872
58,0.556345986724696,111.26919734493922,1.528495643699959,0.12050415733622022,200,False,-0.45430272242479974,0.2892986967051998
58,0.553684875770418,110.73697515408362,1.4498514841337677,1.0809625432766905,200,False,0.5050269970506446,0.3031554359743771
58,0.5520120923198278,110.40241846396557,1.4745310752616911,1.0731273933346845,200,False,0.4987338260545551,0.2986801203976758
58,0.5472104797375128,109.44209594750258,1.4676650287309796,0.129756611808876,200,False,-0.39964251968771924,0.30289074330846555
59,0.5601624966067438,112.03249932134875,1.5256222505677708,0.02173466818690506,200,False,-0.6070271943395702,0.2915626509077178
59,0.5594646991028429,111.89293982056859,1.1825332213319828,1.075743750568576,200,False,0.4475121781024144,0.30843545769824743
59,0.5499299726792937,109.98599453585872,1.4472484485848964,0.009652302194588111,200,False,-0.5653615572354214,0.30241925075545256
59,0.5616533196999562,112.33066393999124,1.4657777139513954,1.0715545212359046,200,False,0.4997896968213493,0.286879968480478
60,0.5509831371081662,110.19662742163324,1.4753321973742395,0.010908198065384775,200,False,-0.5562624825747771,0.297626388973682
60,0.5797405070157864,115.94810140315725,1.4794992513583478,0.9798454931300385,200,False,0.41213769471030814,0.2886247299734378
60,0.5622576973858529,112.45153947717057,1.4803649146581332,0.018737594352639414,200,False,-0.5547726577700057,0.29031818200066367
60,0.5596983082298768,111.93966164597536,1.4510217435527124,0.013319620968722301,200,False,-0.5630819577340485,0.2961171609522066
61,0.5602184903734136,112.04369807468272,1.2656674189990589,1.0493770175831811,200,False,0.42108422301091464,0.2872014573290105
61,0.5471077756819149,109.42155513638298,1.4698543416412242,0.00936484062935726,200,False,-0.6159601764439941,0.2942792479156104
61,0.5718448057819125,114.36896115638251,1.4722241997170662,0.40117954513436693,200,False,-0.22815571973266036,0.3000395159312726
61,0.5615102721568366,112.3020544313673,1.4326042302720574,1.0433215537797398,200,False,0.41004243586181144,0.2976551573915607
62,0.5546108799429477,110.92217598858956,1.5233613714669247,1.0743818694674228,200,False,0.5100999797153957,0.29418412206063205
62,0.5693605908178764,113.87211816357527,1.4744075927389373,1.129376987668306,200,False,0.5498873817747247,0.28852272779633786
62,0.5582600865353065,111.6520173070613,1.5302886950630628,1.0437750808689406,200,False,0.4785528826536024,0.28801318199980785
62,0.560633951927732,112.12679038554639,1.5245439018510965,1.1246521616972185,200,False,0.5587935845316259,0.2865226808303268
63,0.5513049820219674,110.26099640439348,1.468056217994547,0.07031292746599893,200,False,-0.4969482625685724,0.2954164225751732
63,0.5470734569357356,109.4146913871471,1.5030692882662358,1.1063821576231765,200,False,0.5946197679353791,0.2975223746757378
63,0.55239907677243,110.47981535448602,1.4184440764128694,1.0431628042820311,200,False,0.46434215948952795,0.29020053313045213
63,0.5523286576440708,110.46573152881417,1.4988088303089353,1.0654191969106774,200,False,0.43717009198410195,0.2901846517144076
64,0.5603604316675593,112.07208633351188,1.498250538464979,0.05100447350817881,200,False,-0.5239148784198576,0.3094691660380953
64,0.5630324912671756,112.60649825343512,1.5062111504321056,0.03354189579814615,200,False,-0.5344932109786494,0.2788379031969772
64,0.5615607806699496,112.3121561339899,1.467759049005552,1.073566377212915,200,False,0.5127178199869097,0.28901585481425257
64,0.5641066504277362,112.82133008554725,1.5246985718100523,1.0145763996140993,200,False,0.38693671459880186,0.2913500891878942
65,0.5546246709284945,110.92493418569889,1.4360766862278953,0.07088610112857774,200,False,-0.5058105335747732,0.28292043231607783
65,0.5699423434573392,113.98846869146783,1.4992228898027677,1.0528376463150593,200,False,0.47263359623532675,0.29587417525765064
65,0.5358877686913992,107.17755373827985,1.2191691877962492,0.049634879558314124,200,False,-0.5205503800991723,0.28511019070495447
65,0.5519818651059939,110.3963730211988,1.4181145217176923,0.011636329882078508,200,False,-0.5602224019784207,0.2908616217939979
66,0.5556927509720312,111.13855019440624,1.412288689045971,1.1028914857863006,200,False,0.5286177849909877,0.28871329280228347
66,0.565023304599319,113.00466091986381,1.4755069903312388,0.043577965399218065,200,False,-0.5847013767484598,0.2925183973692269
66,0.5528141716903896,110.56283433807792,1.4700273983372512,0.08104034567785212,200,False,-0.5386585455774001,0.2911089614315062
66,0.5545210331074013,110.90420662148026,1.4547637002716431,0.049945592395422636,200,False,-0.5268697361879351,0.2941651312189505
67,0.5638062631223809,112.76125262447619,1.4766584943748136,1.0460537583593505,200,False,0.4655655848611131,0.2934782624796317
67,0.5514736582488439,110.29473164976878,1.473265911361378,-0.017985724346215398,200,False,-0.5959789053368371,0.29125246286314166
67,0.5444967627063082,108.89935254126163,1.4224469158544026,1.0195565621115679,200,False,0.44901913491647105,0.2824306778558749
67,0.5695153290465764,113.9030658093153,1.4494044580300078,0.07374425120666016,200,False,-0.5025352420085001,0.2946405301852588
68,0.5547221596508686,110.9444319301737,1.4490530924269633,0.044401242184243,200,False,-0.5728924075763948,0.2883417398615507
68,0.5658140652579964,113.16281305159927,1.4458411862555587,1.4458411862555587,200,False,0.8760501593620313,0.2857670589512973
68,0.5616949699449375,112.33899398898751,1.5051667370145463,1.0440756863262832,200,False,0.47519528185106996,0.2955990295298929
68,0.5512080474423539,110.24160948847076,1.5070284285056867,0.01289614678421417,200,False,-0.5526920086879334,0.2790121503844986
69,0.56893734130207,113.78746826041399,1.4749323724895453,0.03980700499414459,200,False,-0.5934785395012552,0.30044060316277243
69,0.5510711562261722,110.21423124523442,1.473432462281572,1.0208680132584032,200,False,0.5089675018782308,0.2937003592747316
69,0.5492210860811211,109.84421721622421,1.4124163721500238,1.1268687694043535,200,False,0.49772283212650537,0.29407235450468105
69,0.5280403593909937,105.60807187819874,1.1258396937289445,1.044599852013225,200,False,0.49316409902429725,0.29012262845054204
70,0.5603001341597678,112.06002683195354,1.481518894070486,0.07667087013797884,200,False,-0.48872723639100163,0.2984491234137145
70,0.5685514679911613,113.71029359823225,1.5247730319806978,1.0410093172122037,200,False,0.4111757332612209,0.2949473222461149
70,0.5626105086284368,112.52210172568734,1.466895326111207,1.0691964135155008,200,False,0.49408400997800805,0.29495603370975126
70,0.5472479810767217,109.44959621534434,1.4567894471489793,1.0211775474309492,200,False,0.44729494730860475,0.2868546255819943
71,0.5375374132453874,107.50748264907747,1.4229038277335564,0.06716820490708852,200,False,-0.5067561327655052,0.291388885930284
71,0.546974901916015,109.394980383203,1.474490422537555,1.038051133757851,200,False,0.4716606026576379,0.2943318971249142
71,0.5683070766009234,113.66141532018467,1.5277713242802382,0.06888925637341192,200,False,-0.9077211915477446,0.29873411158114044
71,0.5509844843270735,110.19689686541467,1.4606661643718712,1.0732253948809811,200,False,0.4998940639540842,0.29240395085885446
72,0.5512988975278579,110.25977950557156,1.444651178095091,1.0149139143189854,200,False,0.5331876331813041,0.29348504414512194
72,0.5649030250172303,112.98060500344606,1.4739295436922735,1.0716833828635743,200,False,0.49479172468426946,0.29204596584521403
72,0.5299002269458782,105.98004538917564,1.4767675894254888,0.034486617183343476,200,False,-0.5372888761125525,0.29188270672987227
72,0.5733197770560193,114.66395541120387,1.4800234775339964,0.04587254138562581,200,False,-0.9296891616186834,0.2963527147352103
73,0.5538822773397772,110.77645546795546,1.3840150801296245,1.027179189664476,200,False,0.40165125740162444,0.2890241490633581
73,0.5798037876854135,115.9607575370827,1.4785382281664958,1.131087966472152,200,False,0.5585635551696325,0.2991550729891892
73,0.556749988020556,111.3499976041112,1.367976054987272,0.010806011787182962,200,False,-0.5323553889813638,0.2903523274648894
73,0.5568831263706749,111.376625274135,1.5007225514900606,1.0527352541239037,200,False,0.4774688599122914,0.30309900241840154
74,0.5333060077436041,106.66120154872083,1.446923707695024,0.18294245810637766,200,False,-0.39335823621141397,0.2975124698299093
74,0.5426297809855963,108.52595619711926,1.4385889283217743,0.06304859191049404,200,False,-0.6093686253031181,0.29483934586768357
74,0.5537115791843976,110.74231583687953,1.53043328241994,0.048468028492889545,200,False,-0.8539596448465431,0.28628192474367214
74,0.5650721028629594,113.01442057259187,1.4754048899421297,0.987942090812893,200,False,0.41519211596562366,0.28246250789533495
75,0.5680508108679264,113.6101621735853,1.478219358400208,0.07143834427392226,200,False,-0.5102643126714262,0.29458000394605394
75,0.5575758867117286,111.51517734234574,1.5282830980697493,1.0501953473486478,200,False,0.4316216232796728,0.28977960409371545
75,0.5539946957350194,110.79893914700386,1.5234143454185176,1.1200524455738292,200,False,0.5447205177415606,0.2940475211266142
75,0.5525677043038179,110.51354086076356,1.4415227314729135,0.0460512137627903,200,False,-0.5156245290718412,0.28871630824129274
76,0.5594775635751127,111.89551271502255,1.4688362442719736,1.097744447053194,200,False,0.5170386965570372,0.29505459204694867
76,0.5605533868863892,112.11067737727785,1.4613533178952083,1.0740343288543812,200,False,0.4427160031607785,0.3002964014309093
76,0.5431749890062618,108.63499780125235,1.413853223958836,1.1006906889645929,200,False,0.5231257518426761,0.29468112424574233
76,0.5658751077235014,113.17502154470027,1.5316330969940428,0.04739419975287705,200,False,-0.5279387661609508,0.2905015040362861
77,0.5538310336866645,110.76620673733291,1.505417251335687,-0.015782374109873154,200,False,-0.5807219564014287,0.29538953991959616
77,0.5559229809156099,111.18459618312197,1.4798997529394913,0.1188342231395696,200,False,-0.8522483611201268,0.2860423072637716
77,0.5558951803020071,111.17903606040143,1.4474199796272575,1.0724745735776875,200,False,0.4954021694881491,0.28807353488411064
77,0.5586625071891267,111.73250143782533,1.4950381407891258,0.0737934435070926,200,False,-0.5513568040155058,0.2956910910684123
78,0.5664857243309548,113.29714486619095,1.5090102168178037,1.0770569802760555,200,False,0.4472844177438058,0.2924815677143077
78,0.5598401016565007,111.96802033130012,1.4994227937199458,0.060604256555413225,200,False,-0.5123325096125938,0.2871150669048102
78,0.5591021175189848,111.82042350379695,1.4780868171664445,0.07881333095785373,200,False,-0.5460524303949116,0.3029039260407578
78,0.5578968591946125,111.5793718389225,1.4512536021423708,1.0181593522989507,200,False,0.44360151851750285,0.2986383746420996
79,0.5603795733218913,112.07591466437825,1.500449467939243,1.043723363447326,200,False,0.4220030720615605,0.2967897849068629
79,0.5554646146172867,111.09292292345734,1.527622764275876,0.07682804706666546,200,False,-0.5511210470311173,0.2985938002675108
79,0.5564903446202119,111.29806892404237,1.4640541496026707,1.0449996730258637,200,False,0.4657909524740276,0.3037598382556266
79,0.5721385916539922,114.42771833079846,1.5245995107755033,1.0145874014139775,200,False,0.4379573432820023,0.29448895511250606
80,0.5401711585871379,108.03423171742757,1.4533873977730152,0.04290372918079509,200,False,-0.5355397296290866,0.30088480315792293
80,0.5705951794562558,114.11903589125117,1.4685407606501644,1.0362986129165812,200,False,0.46171121710320584,0.28836263352391345
80,0.5759776509259957,115.19553018519915,1.4644553034209864,1.0452908046853653,200,False,0.47045104731089404,0.2909912745021316
80,0.5428151754448421,108.56303508896842,1.5274472231906573,0.0637606163602554,200,False,-0.5657417466876563,0.30231915467484594
81,0.5680152815274284,113.6030563054857,1.4763117216596673,0.05263698347369602,200,False,-0.5252336412786865,0.290242463602088
81,0.5592347373222906,111.84694746445811,1.4509135410070269,0.975382379211173,200,False,0.39724898493378735,0.27935245621475024
81,0.5618560142739937,112.37120285479872,1.4742249650378172,0.011596088043776195,200,False,-0.5738133656717974,0.292260090588064
81,0.570819541692636,114.16390833852721,1.4761338628620033,0.04830071720461461,200,False,-0.5222896587748158,0.28997426163724305
82,0.5604611177423057,112.09222354846113,1.5304285609366073,0.012034845642111172,200,False,-0.56330578598888,0.30014006236650226
82,0.5542517073669964,110.85034147339928,1.448420518985833,0.0784008235376703,200,False,-0.5493015243870322,0.28727657908544535
82,0.5507305371278067,110.14610742556134,1.4435126691695712,1.0427730422165944,200,False,0.4845602201524144,0.30000395930585033
82,0.5554156017739775,111.08312035479551,1.131191111778532,1.047116582336739,200,False,0.5026384081472288,0.29550945547627966
83,0.5568955476210262,111.37910952420523,1.4056492334721944,0.006916141362384706,200,False,-0.5698789972538515,0.29457364794963725
83,0.5564662844305289,111.2932568861058,1.4090965534695046,0.016937260287213873,200,False,-0.5587007944362614,0.29179717885258527
83,0.5511860549020521,110.2372109804104,1.1791433150850472,1.127325361263198,200,False,0.5520274087440704,0.29129663865344774
83,0.5549439918704452,110.98879837408904,1.517900884061739,0.13333785986048574,200,False,-0.4383341171946983,0.28524984347760324
84,0.5456953274997538,109.13906549995075,1.3907886395366238,1.0066631477381602,200,False,0.3793057190806637,0.29893774187251815
84,0.5550698438328677,111.01396876657356,1.4761815568137848,0.09904622524744401,200,False,-0.47918476186164305,0.2890683500610728
84,0.5552420272115646,111.0484054423129,1.5194494627981798,1.1272915377640715,200,False,0.5593719230787446,0.2937769880165327
84,0.5658692980919675,113.17385961839351,1.5721402940674696,0.03578038651791117,200,False,-0.5136927749921966,0.28967024048069895
85,0.5520710941554783,110.41421883109567,1.5313275195266702,0.012369145325713413,200,False,-0.5614623829148738,0.28981724597675257
85,0.5575811774394765,111.5162354878953,1.4725857988845448,0.07818169439618594,200,False,-0.5537252317257629,0.29007165218162734
85,0.5564579595070733,111.29159190141466,1.4777308077176659,0.05225594688875267,200,False,-0.5267662686781972,0.3003828278556591
85,0.5405044556962316,108.10089113924633,1.381273827482072,0.04753840823053766,200,False,-0.5333537760946702,0.30009758687264976
86,0.5571866403158958,111.43732806317918,1.436831283211797,0.129053429968362,200,False,-0.445813515393528,0.28463425693266875
86,0.5577513210857692,111.55026421715384,1.4542064181101848,-0.02478653436440778,200,False,-0.6047339149992872,0.2956655429041712
86,0.5682083597016458,113.64167194032918,1.4749785686012702,1.0497862179850592,200,False,0.4760530400400669,0.2884592529820407
86,0.5571025227932308,111.42050455864616,1.469241977728835,0.043641171117498004,200,False,-0.5799278830379524,0.2872740792678489
87,0.566043152036425,113.20863040728499,1.4669627296065821,1.0410444122565818,200,False,0.4768664691658112,0.2806110481554941
87,0.5424829262185054,108.49658524370106,1.4408810409232702,0.13031410253344702,200,False,-0.442066495735316,0.28979963334781306
87,0.5549086419239841,110.98172838479682,1.4410513269310987,1.0715443761534018,200,False,0.49375583914089494,0.29278842613195116
87,0.5487049409281799,109.74098818563597,1.47299636616845,-0.019074564263258376,200,False,-0.9980473905568751,0.29939793540325993
88,0.55310666755184,110.62133351036799,1.37951871211978,1.027342267357625,200,False,0.4067640204395133,0.2940580256283072
88,0.5638611637913872,112.77223275827744,1.49776147560235,0.0911371011436941,200,False,-0.5305620691887228,0.2779879215910838
88,0.5578820564930395,111.57641129860791,1.439685983280202,0.015675942244834817,200,False,-0.5622248462837947,0.285020551854925
88,0.5549158368724432,110.98316737448863,1.4787605865057323,0.0539393785414468,200,False,-0.574430831524077,0.2952779300954473
89,0.5589406063693823,111.78812127387644,1.4787473515166702,1.0513751491636678,200,False,0.41934896822221246,0.2893154391988764
89,0.5356141656613604,107.1228331322721,1.447018373129945,0.9780497778725689,200,False,0.43100311982652295,0.2941314874065611
89,0.5568225625248739,111.36451250497478,1.4688407440529265,1.0718849219520405,200,False,0.49472714685646013,0.2980553519199334
89,0.569396535100667,113.87930702013338,1.4769216123954934,0.0766874338382465,200,False,-0.49477818654847805,0.2815933910165082
90,0.5609350147168969,112.18700294337938,1.5267961695638967,0.07501524239685801,200,False,-0.5497494235603585,0.2998679504145585
90,0.5562303808891972,111.24607617783943,1.4741972069328002,0.09828213302979695,200,False,-0.47018235848813694,0.292679771297292
90,0.5707648937437518,114.15297874875039,1.5335240919791668,0.05053809574620484,200,False,-0.526718880680726,0.2928936280981667
90,0.5567189866842763,111.34379733685527,1.4686598038776255,1.1172914186046894,200,False,0.5430422576286115,0.30430630410359305
91,0.5613025532944345,112.26051065888687,1.5265343897730972,0.04715864786071167,200,False,-0.5128875915984591,0.29382794475314145
91,0.552081997304747,110.41639946094944,1.4705970041994756,0.9806235821667689,200,False,0.4581133268070303,0.29069442585670496
91,0.5708421971613227,114.16843943226452,1.5013389579659353,1.1343961664075848,200,False,0.5565027015185257,0.2929766830094921
91,0.5626804342082049,112.536086841641,1.4475129632640302,1.0819920320272305,200,False,0.5100740030092794,0.2914043881458562
92,0.5636099302832678,112.72198605665355,1.469611982883779,0.07294926960149037,200,False,-0.8983527117389224,0.2948172300800869
92,0.5566217779993682,111.32435559987363,1.473853288362521,0.0522563803388928,200,False,-0.5390902347504587,0.30542410349704185
92,0.5633971877861725,112.67943755723451,1.4998177175690544,0.04398906272255955,200,False,-0.5280958601068981,0.29465448119139126
92,0.5501343415427246,110.02686830854493,1.474716144264039,-0.025083268223042743,200,False,-0.49730588444331936,0.28695143586070604
93,0.5578273769975507,111.56547539951015,1.4433412632140066,1.052543543412437,200,False,0.47802058275125825,0.2920661801570943
93,0.5747508577242385,114.9501715448477,1.5243862346807207,0.10720837284363548,200,False,-0.46625073238658765,0.29644571517504753
93,0.5514567377356208,110.29134754712416,1.477242364306166,0.07087819062892642,200,False,-0.5098473985167655,0.29846696304835507
93,0.5493633226135731,109.87266452271462,1.4642688343451338,0.09638427338063339,200,False,-0.5285949599170243,0.2918137225162566
94,0.5681843685459086,113.63687370918171,1.4760324221971175,0.12094952863482011,200,False,-0.45414705632894536,0.2970905791429763
94,0.5585952269016395,111.71904538032791,1.446091279134299,1.041274577345662,200,False,0.4223024220161613,0.2932680424560376
94,0.560910354932285,112.18207098645699,1.5317967100760934,0.0802425799794162,200,False,-0.4974244142258536,0.2882404049616529
94,0.5653550051761165,113.0710010352233,1.4756502261053699,1.0075518079249421,200,False,0.43420901838019244,0.2979650617596879
95,0.5801219353070401,116.02438706140802,1.4792522916784585,0.044343949868960494,200,False,-0.5296836532683471,0.29156062676403466
95,0.5702956226514349,114.05912453028697,1.5262418385824685,0.010358329987592993,200,False,-0.5633276919701493,0.2897365936768501
95,0.5580954281416197,111.61908562832394,1.4786551531722893,0.06547727157716121,200,False,-0.5578302303623787,0.29530549085758195
95,0.563112814707375,112.62256294147498,1.4737411750423732,1.0778678299704025,200,False,0.5055814937489671,0.2893523167506072
96,0.5642845268056279,112.85690536112557,1.4761859925398468,-0.02349275516123539,200,False,-0.6545700320270104,0.2901685851222252
96,0.5653601328707243,113.07202657414486,1.4641081927525965,0.07424654958380106,200,False,-0.5025389743013494,0.2871396598489776
96,0.5627783970257297,112.55567940514594,1.5264738693789517,0.07408534037922865,200,False,-0.5033169099841774,0.2963520047657633
96,0.5609531189531302,112.19062379062603,1.5159098428055895,1.1249988675866414,200,False,0.4997421363974951,0.2932350938794652
97,0.5574775719155152,111.49551438310304,1.449729543908884,0.07441957198376611,200,False,-0.48996814215389395,0.27651886791333313
97,0.5482670712949613,109.65341425899226,1.4712292903660136,0.011114375404540952,200,False,-0.5410215057235784,0.2969650446356948
97,0.556994374215378,111.3988748430756,1.4119638759697382,0.017965162552144517,200,False,-0.6063764573785978,0.30728506496578617
97,0.5630063525009827,112.60127050019655,1.4721870094105083,1.0437909784223862,200,False,0.4706955557497777,0.30363803705190706
98,0.551618671286334,110.32373425726679,1.4679482085098705,0.40964612254353205,200,False,-0.16155268703930836,0.2921740913723915
98,0.5431473960989851,108.62947921979703,1.5028130877720112,1.0804866205828285,200,False,0.5995037718291628,0.2943456949798889
98,0.5654042990415926,113.08085980831852,1.4770759342671367,0.04639151864639644,200,False,-0.5767729879243633,0.2948928918925253
98,0.5552498934918966,111.0499786983793,1.4180939584447736,1.020057786656931,200,False,0.38860980294394865,0.28714978864513113
99,0.5578608098234327,111.57216196468654,1.44319155810933,0.07339933469923154,200,False,-0.49664240647412905,0.2976354879544777
99,0.5615976092335278,112.31952184670556,1.485066081819308,0.020294922173138774,200,False,-0.7753942945113761,0.2903977520123505
99,0.5554358787378099,111.08717574756196,1.4415448516346179,0.07845850650992446,200,False,-0.48807836567717544,0.2916758112992889
99,0.5492897983890889,109.85795967781777,1.4721153604122967,1.0720881376001108,200,False,0.4951741082232064,0.2921142796174677
100,0.5488703503648199,109.77407007296398,1.2240757768849573,1.0746669760903602,200,False,0.4990940460465466,0.3074272229430512
100,0.5554578824765024,111.09157649530049,1.4196661092340719,0.11549808271018014,200,False,-0.45731399080079604,0.29026338491779585
100,0.5447904090480735,108.95808180961471,1.1293980777996075,0.02072855310090016,200,False,-0.6039796838328123,0.29635386807033354
100,0.5643692564226029,112.87385128452058,1.5069159719618763,1.473606231781746,200,False,0.9047744879371474,0.2972358457022288
101,0.5509511453923774,110.19022907847548,1.472634154043039,1.009069343660806,200,False,0.4309641142129944,0.29441117509223047
101,0.5413085510723465,108.26171021446932,1.4455510601113999,0.01006502762180949,200,False,-0.5682776325646528,0.28380038140439745
101,0.5829172471882546,116.58344943765091,1.531714523590038,1.4792634719947506,200,False,0.9073521478941486,0.29150058685087094
101,0.5560194953264679,111.20389906529358,1.4775129111369352,0.01580153684032691,200,False,-0.6119826956577309,0.28879705868194294
102,0.5655058305885637,113.10116611771274,1.4744659734934733,1.0731240997843396,200,False,0.43788615266480047,0.2938830580148552
102,0.559989504681846,111.9979009363692,1.504440159172895,1.0474835490386245,200,False,0.4749461189978178,0.3046408900854131
102,0.5595487731512645,111.9097546302529,1.3450233744727806,0.07720117414425332,200,False,-0.8898972767537142,0.2910845340104919
102,0.5534800292800844,110.6960058560169,1.4695860222439638,1.0189683232861484,200,False,0.3930059750092981,0.29376816087915064
103,0.5557883319892832,111.15766639785663,1.4720871934781752,0.06986183542146289,200,False,-0.5063375293930159,0.2860329343665416
103,0.5583956882241128,111.67913764482256,1.4795323144770451,0.07645161684584612,200,False,-0.49935602983081184,0.2916038635198165
103,0.5611426268059561,112.22852536119119,1.4525035080773947,0.0711460809370954,200,False,-0.5017584127274483,0.28690605465389935
103,0.5558466705427484,111.16933410854968,1.5270434448993668,0.008355267783831992,200,False,-0.5702932139940102,0.28797691518060453
104,0.5572962727725944,111.45925455451889,1.4785765487932565,0.0760033970843943,200,False,-0.5012802073147402,0.2998338451847165
104,0.5645408218551804,112.90816437103608,1.477955002187342,0.03978379338293046,200,False,-0.5356642285897447,0.2927432028335823
104,0.5735000625665752,114.70001251331502,1.4709862054401852,1.0800274732665183,200,False,0.5029759023322904,0.2916108377370748
104,0.5410329306339272,108.20658612678544,1.411638804325426,0.11944019856204868,200,False,-0.4428468297390836,0.3015975819293296
105,0.5657556622070634,113.15113244141268,1.57175237413658,0.019293324741905593,200,False,-0.5595240765585875,0.29566230320460785
105,0.562713355555377,112.54267111107539,1.5070061015841938,0.04288041863498315,200,False,-0.5838182467430237,0.2931721697585678
105,0.5461819304254337,109.23638608508675,1.4779325561244094,0.12415496946613302,200,False,-0.4582187223887163,0.2870391040390211
105,0.5610925240047041,112.2185048009408,1.5034725388904775,0.04732464392709944,200,False,-0.5270939777133452,0.30031499116051547
106,0.5544252582401691,110.88505164803382,1.49967464729002,1.0695595135324683,200,False,0.49206276244701397,0.2866175566155066
106,0.5634959464164669,112.69918928329338,1.4751817634653983,0.008007170726924806,200,False,-0.5643526191742407,0.29587125158153377
106,0.556883077733029,111.3766155466058,1.5272451350984737,1.471509946128097,200,False,0.498903043245173,0.29361491254038924
106,0.563687873968985,112.737574793797,1.436389972629621,0.11873016663318237,200,False,-0.4560475865436697,0.2922414134875175
107,0.5678618938199549,113.57237876399098,1.5279507770923826,1.0489712077069295,200,False,0.4243217898307131,0.2959384927182464
107,0.5586559563929019,111.73119127858038,1.1269369292083156,1.0361073265065768,200,False,0.46922822669604136,0.29345714265524203
107,0.5693953360825542,113.87906721651083,1.5227619233874765,0.07553567133444872,200,False,-0.9489954100587442,0.30557767749601206
107,0.5576518918228601,111.53037836457202,1.5314764196649227,0.07256665210448443,200,False,-0.5060948531004441,0.29170078231205704
108,0.5528466658719577,110.56933317439156,1.4945459350410495,-0.017700010331352156,200,False,-0.65105805876012,0.2928479754388596
108,0.5651748253914166,113.03496507828332,1.530416863138662,1.1296029704849402,200,False,0.5533653439136121,0.29714545478604276
108,0.5465375934463161,109.30751868926322,1.4267855573144328,1.0734604486049277,200,False,0.5002435034104412,0.2922123659408441
108,0.5609557300082867,112.19114600165734,1.4731501151430413,0.01646010463657631,200,False,-0.5608260124214599,0.29415062099223405
109,0.5735812658309455,114.71625316618909,1.465525096550057,1.0362627997761438,200,False,0.4591494805874954,0.3004382326859409
109,0.5666927636871898,113.33855273743795,1.5337519310087737,0.01381472848459464,200,False,-0.5547895565584466,0.28696823214384265
109,0.551564796901435,110.31295938028701,1.477397631270235,0.07049437837585759,200,False,-0.5008194605348352,0.29479337306491227
109,0.563582767506256,112.71655350125121,1.503894930356366,1.09349625150244,200,False,0.4607667124450704,0.2964768115600894
110,0.5689792075049671,113.79584150099343,1.4775586681161639,1.0761291314281383,200,False,0.5418214778836267,0.29196070607883007
110,0.5588309348387441,111.76618696774884,1.4713978900740114,0.01271000173275015,200,False,-0.5603500318200643,0.30323827472557524
110,0.5585459503890597,111.70919007781195,1.5000281984471335,0.096967286183196,200,False,-0.5320979480103023,0.2857121642912519
110,0.5573084807373552,111.46169614747103,1.453379057268998,1.008940211654003,200,False,0.43723416101363777,0.2940296194092592
111,0.5648589919162661,112.97179838325324,1.5049193194726507,1.0142391809369682,200,False,0.4378202659434838,0.29373112972051557
111,0.5518809490716459,110.37618981432915,1.5302517496382575,0.07059709807443537,200,False,-0.5013031555603296,0.2890165838524621
111,0.5600852359981512,112.01704719963026,1.500061656068124,0.07529838695411462,200,False,-0.4978861874057098,0.2936062537365596
111,0.5529649675292886,110.59299350585772,1.4757113228789422,1.0035640312265965,200,False,0.4360045941949714,0.3025015657684786
112,0.5570015113616189,111.40030227232377,1.4066678168594755,1.0787659653675838,200,False,0.5148659406227823,0.30607479223397926
112,0.5621954192315824,112.43908384631649,1.476613122480869,1.0377587073987073,200,False,0.46214196950017883,0.28936282153839865
112,0.5610066822220656,112.20133644441314,1.5265932134151328,0.04427878703959563,200,False,-0.5250463735370542,0.2896614917415622
112,0.5465458658978338,109.30917317956677,1.4872222057326505,0.07266817787148894,200,False,-0.5017375441010856,0.2917941318289331
113,0.5599087956909587,111.98175913819175,1.4681289549770131,0.049633559635607435,200,False,-0.529213239566383,0.28821317626723225
113,0.5458984758258109,109.17969516516216,1.2747925714271098,0.9786017739487488,200,False,0.40103853108149745,0.2992107206293158
113,0.5672036429778818,113.44072859557637,1.5230546502277527,1.1006725838414702,200,False,0.5267255931295357,0.292844771171328
113,0.5607722199653605,112.1544439930721,1.473434815850581,0.477923923463496,200,False,-0.10666079935953143,0.28418478586019597
114,0.5595782701892229,111.91565403784459,1.4755764770949613,1.0686295960958487,200,False,0.44073260967220185,0.28692216932360287
114,0.5559391848155618,111.18783696311235,1.496530834636285,0.06842969416087141,200,False,-0.7189882544356971,0.30487066192114104
114,0.5443313516278778,108.86627032557556,1.4136690334955637,1.0742356172304572,200,False,0.443203415848201,0.292237994935786
114,0.5571305280409163,111.42610560818328,1.2864523101812062,1.1150030512596905,200,False,0.6047000845556992,0.2938524003843204
115,0.540758840664737,108.15176813294742,1.4619163299426037,1.0385523429607255,200,False,0.41006037311344923,0.30009608532660464
115,0.5604854918327914,112.09709836655828,1.4730441140207113,0.026281614809948173,200,False,-0.5484920530913259,0.29119331629141804
115,0.5378380719868663,107.56761439737326,1.1324516868297383,-0.027322031840684935,200,False,-0.593879167833368,0.297481907992157
115,0.559804348733066,111.9608697466132,1.4764492466856782,0.07442861819209039,200,False,-0.48993756732285715,0.2885885999114344
116,0.5644051902109826,112.88103804219652,1.4760449188649014,1.062498303253743,200,False,0.4876345939964821,0.30804805096932103
116,0.578065699432846,115.6131398865692,1.5341467207739448,1.051835327305936,200,False,0.4814684426544993,0.30518338876103285
116,0.5623334288121609,112.46668576243216,1.386565058871358,0.07369932283195302,200,False,-0.466298881267334,0.29218352201654596
116,0.5630787829889711,112.61575659779422,1.4645094626626913,1.0503353394584962,200,False,0.4852751124189638,0.28258197062317203
117,0.5406840651794211,108.13681303588422,1.5302182392693984,0.09418606115286142,200,False,-0.5369427670787909,0.29772476394235564
117,0.5752213753883876,115.04427507767751,1.4732627790313653,0.045911378428676666,200,False,-0.5333699411820764,0.2904344705445715
117,0.5521121647066985,110.42243294133971,1.4498205077673827,0.055650045243515564,200,False,-0.5247779888524634,0.28872321808370544
117,0.5634233954131279,112.68467908262559,1.5304370266879297,1.0779628582599623,200,False,0.5004138382308667,0.2994727016081061
118,0.5591779003481154,111.83558006962309,1.4724063013985298,0.018944557236087567,200,False,-0.6092813631932934,0.2937167158231458
118,0.5568825783761381,111.37651567522762,1.4540984069310203,0.07703832513071407,200,False,-0.5492303597942336,0.290626970794772
118,0.563461196943848,112.69223938876958,1.5139036917155861,1.045622742910207,200,False,0.07094992106515285,0.29241145486603554
118,0.5609883908800244,112.19767817600489,1.4519163479413288,0.04969123797214596,200,False,-0.5278335339865123,0.28814501780887436
119,0.5464788734645997,109.29577469291993,1.4517250347416424,0.062219603683360325,200,False,-0.5115293257884935,0.2900717799913881
119,0.56240289702009,112.48057940401803,1.4833352485463258,1.0109182055094414,200,False,0.037266426393750884,0.29322790181413844
119,0.5639828259841378,112.79656519682756,1.5211571741192926,0.03379478909090788,200,False,-0.5935072985847584,0.29338061963455425
119,0.5466530056815545,109.3306011363109,1.4618111367112674,-0.018598996071383822,200,False,-0.6539916244877729,0.2901534245304012
120,0.5428495362383727,108.56990724767455,1.4493681585624072,0.00470295018242016,200,False,-0.5231277110418628,0.3032158867628832
120,0.5526542862307501,110.53085724615,1.4734155164914484,0.03756382961885342,200,False,-0.5400600718928581,0.2987352855227423
120,0.5607956938613557,112.15913877227115,1.482063631849469,0.13072873216659356,200,False,-0.49600090827307686,0.2915571813482826
120,0.5808979916800251,116.17959833600503,1.4870814033280066,1.0597269550677326,200,False,0.47937793315595656,0.28578325695700274
121,0.550027086289702,110.0054172579404,1.1384913115227762,1.0784040027433188,200,False,0.5025073124365458,0.2972378531942738
121,0.5615417195505915,112.30834391011831,1.4722746845377304,1.0207581613665389,200,False,0.39671823561451225,0.2927018140450366
121,0.55619651612863,111.239303225726,1.4536923220486606,0.044833256864660984,200,False,-0.5256697380555321,0.29161754870873335
121,0.5613487910168745,112.2697582033749,1.5292234592587652,1.0350387741458513,200,False,0.47064836933293774,0.2954958397567669
122,0.5603655721546376,112.0731144309275,1.475856227027565,1.0935864981033756,200,False,0.5200668136806536,0.2914795607752183
122,0.5721983857759912,114.43967715519825,1.478545515203062,1.078148739496326,200,False,0.5041834337379203,0.2910345148584122
122,0.5298082635637733,105.96165271275466,1.4484333803479374,0.9813755375640112,200,False,0.3650309487558052,0.2888927215331116
122,0.545634842754992,109.1269685509984,1.443011193680682,0.06881931866879797,200,False,-0.5094616017535809,0.2887795850247586
123,0.5612260569823896,112.24521139647791,1.4770513431554257,0.0527267600958614,200,False,-0.5155904320229999,0.30420432160453265
123,0.5448488301946578,108.96976603893157,1.384508992117846,1.044668304644118,200,False,0.471314661626012,0.2859443647409385
123,0.5552913166831818,111.05826333663636,1.4769150386089176,1.1756579666723055,200,False,0.601398709854963,0.29271129131874535
123,0.5727054655113775,114.5410931022755,1.477026241865517,0.02224015510892763,200,False,-0.5444466886519349,0.28708897763110847
124,0.5430422769520288,108.60845539040575,1.453924326588098,0.026081435240341122,200,False,-0.5515699183502789,0.28742220571313204
124,0.5608610368357644,112.1722073671529,1.5266044916853436,0.06989297736969413,200,False,-0.5078949645760669,0.2956540176708494
124,0.5751471940924121,115.0294388184824,1.4802691297959671,1.059671737917065,200,False,0.4951249259697442,0.2941893674875012
124,0.5459614169156928,109.19228338313854,1.4656103966813931,1.0453326989276024,200,False,0.46722074479762943,0.283824142833675
125,0.552650359904347,110.53007198086938,1.5348490647726765,0.05184341244520428,200,False,-0.5275257134783599,0.28879548112238745
125,0.5500307276342968,110.00614552685937,1.5254182461662606,0.07272497998557337,200,False,-0.49846782188766847,0.29145120366737726
125,0.5623625793880682,112.47251587761365,1.45011798386949,0.08234336604409676,200,False,-0.49800227263573316,0.29853394483839657
125,0.5547048652966236,110.94097305932469,1.4551872245991258,0.0759578534215325,200,False,-0.556496136676093,0.29700962584173185
126,0.5495750600924122,109.91501201848243,1.4724441316925119,0.0466979126108973,200,False,-0.5299941828277753,0.2937436161936779
126,0.5668493725218551,113.36987450437101,1.4444388988908348,1.0760289295885554,200,False,0.5126708021967623,0.2917266701373438
126,0.5552524786466011,111.05049572932022,1.447032203282174,0.1301547246678001,200,False,-0.4488608946621123,0.2897369061390137
126,0.5643875253671813,112.87750507343627,1.5045508177869469,1.0093753482055867,200,False,0.43140089621127353,0.2909185743664795
127,0.5553542097775231,111.0708419555046,1.4629937242905324,0.04311080766193044,200,False,-0.5345663003171877,0.2941153609751801
127,0.5394920951418805,107.89841902837608,1.1447744844084886,0.01011919004012006,200,False,-0.5646183615331317,0.2944061298868815
127,0.5521679618894405,110.43359237788809,1.4150928517628605,0.013429468778445405,200,False,-0.6140292923113639,0.2779479358526093
127,0.5648615890765091,112.9723178153018,1.4653372864581549,1.0636869136713727,200,False,0.4858305072500536,0.29965093267987397
128,0.5707041097963539,114.14082195927077,1.5280078761544607,0.09521807431131003,200,False,-0.530774762744942,0.29328470368823106
128,0.56488699982854,112.977399965708,1.3806742472653566,0.0660784298907382,200,False,-0.5114680674447623,0.29974985717579145
128,0.5695396302881628,113.90792605763255,1.4931731485561033,0.045738678048696704,200,False,-0.5817703247089183,0.28494412312861345
128,0.5501330117273157,110.02660234546313,1.4612774954441328,1.0403888368200094,200,False,0.46379518847758405,0.2988156913982701
129,0.5561251717319948,111.22503434639896,1.4705998874441253,1.0976866784468837,200,False,0.5211481050663692,0.29736104465558494
129,0.5637357211122298,112.74714422244595,1.5173555208749625,-0.017654315328715087,200,False,-0.6433048552731584,0.3048484955623133
129,0.5688208188770998,113.76416377541996,1.4793323597847516,1.0470918089508605,200,False,0.46887595897850043,0.2893941748113114
129,0.5536999824921421,110.73999649842841,1.4766294854676048,-0.029046161917299695,200,False,-0.6046393638419286,0.2900392067302922
130,0.5629874837503971,112.59749675007942,1.481843884701361,0.041714754119299396,200,False,-0.5314194985202254,0.28688097552707825
130,0.5658258547334819,113.16517094669636,1.4771038357276431,1.0115675464565719,200,False,0.4330832250093316,0.2871254404254185
130,0.5487564766362619,109.7512953272524,1.178537999160694,0.04972094265552807,200,False,-0.5229587016750387,0.2825050576459834
130,0.5437274844265929,108.74549688531856,1.4173900326895537,0.12579527405914137,200,False,-0.4424211658439542,0.2843409007214224
131,0.5439921331831503,108.79842663663004,1.5036094398414008,0.09931963143884691,200,False,-0.5867508924749004,0.2915859429333839
131,0.5503139984842307,110.06279969684611,1.25501592749246,1.005512894692199,200,False,0.4394598617051567,0.29441654296078185
131,0.5564479338951581,111.28958677903162,1.3989599386266722,0.048641711097676885,200,False,-0.5773740479841785,0.291716018555522
131,0.5632477815678285,112.64955631356572,1.52624401199111,0.1001341888404401,200,False,-0.44152676073336805,0.28375563856008057
132,0.5625130538612244,112.50261077224489,1.5239612592048521,0.04363650445729385,200,False,-0.5306407961295817,0.2956314491565916
132,0.5751010798428178,115.02021596856356,1.481614230386697,1.0683667064454208,200,False,0.4421761731548034,0.29079275702580365
132,0.5603144724673657,112.06289449347312,1.4693756614762554,0.07532054866382665,200,False,-0.4987391119723966,0.29575696378191724
132,0.5322935538391708,106.45871076783418,1.1292573023525443,1.0713037241784251,200,False,0.49131727141163395,0.2894692744064755
133,0.5501990494739113,110.03980989478225,1.5796337524232362,1.0755960912976983,200,False,0.49783097319147607,0.29254735934179804
133,0.583388836835407,116.67776736708142,1.4807698512580996,0.07795663167126177,200,False,-0.49334383881383403,0.28878553004311985
133,0.5433228863516989,108.66457727033978,1.1479434752343727,0.044588848652930224,200,False,-0.5276321360510894,0.2910931804045888
133,0.5514027812626296,110.28055625252593,1.4529867270063515,0.013270912778844388,200,False,-0.5585761853533003,0.2986293217913063
134,0.564309060852766,112.86181217055321,1.466464811036041,0.010144380298954134,200,False,-0.5640675950789106,0.3011210309682759
134,0.5437133317716387,108.74266635432775,1.4735156407679453,0.02015128494132079,200,False,-0.5510058941691056,0.29849151727100887
134,0.5688566790878852,113.77133581757704,1.5232844582115752,0.0674826106643528,200,False,-0.5046459102114872,0.28643405545586936
134,0.5690219332616278,113.80438665232553,1.4761319310872811,0.07866660852938123,200,False,-0.49683847834600636,0.29404679029197134
135,0.5609624393377705,112.19248786755409,1.4711466347208972,0.09334058741325356,200,False,-0.48105044203349034,0.30531616349201635
135,0.5548269404025568,110.96538808051133,1.1546746970589643,1.0109026792147575,200,False,0.43642020624807354,0.2968626636899506
135,0.5601033910455172,112.02067820910344,1.4960667105150052,0.04997398196242272,200,False,-0.51648484636129,0.3065320654320327
135,0.5532514968468396,110.65029936936794,1.441378616689739,1.0497660639519981,200,False,0.47385762024804434,0.2933739503933192
136,0.5641114387728853,112.82228775457703,1.4714276898641494,1.0391488321523108,200,False,0.4112562594711694,0.2922893945873795
136,0.5563249992815397,111.26499985630791,1.178464778170646,1.0058782502293722,200,False,0.4268962282660863,0.28727043146754416
136,0.5433965486504737,108.67930973009474,1.471113551405149,1.0485939543651772,200,False,0.47287341179688813,0.28837651184729723
136,0.557245499476185,111.44909989523698,1.4741706164995083,0.05282738097421835,200,False,-0.5216710166683274,0.2960558046625057
137,0.5766370621572271,115.32741243144541,1.4812591533203399,1.0153023302548123,200,False,0.3870318263090291,0.2945833822046593
137,0.5568410891989743,111.36821783979488,1.5010479218393056,1.127310803288042,200,False,0.5539137573916497,0.2943412126007084
137,0.5674633797757886,113.49267595515774,1.471898329221636,1.053462790652078,200,False,0.4718332740994491,0.2883583513395282
137,0.5604043337557999,112.08086675115997,1.4424138358035778,1.0470424863618486,200,False,0.4737586553767371,0.2939445160719721
138,0.5595684344784629,111.91368689569259,1.5284232214967504,0.10496794776089823,200,False,-0.4690918022642214,0.2897347178520163
138,0.5554614955338512,111.09229910677024,1.4520222940742233,1.0518728900602363,200,False,0.4848935899522855,0.29330966317749796
138,0.5673207644773721,113.46415289547443,1.4753404693925534,1.0748743734501938,200,False,0.50293634531321,0.2987778421497395
138,0.5217346128487723,104.34692256975447,1.5844514630603168,0.07794331986964598,200,False,-0.49744896262741234,0.2900048171605138
139,0.5578988493521959,111.57976987043918,1.523861757650855,1.025197037102398,200,False,0.4534690325601136,0.29619820367468186
139,0.5542142788749377,110.84285577498754,1.3853815152841582,1.004241964026056,200,False,0.4736203945815388,0.28589432784044017
139,0.5532642612525212,110.65285225050422,1.4530621020664511,1.0542546123539285,200,False,0.4771938586856095,0.3081007604820437
139,0.541831146600918,108.36622932018362,1.535503164427697,0.0727407163212006,200,False,-0.5516512038498464,0.29536961059952166
140,0.5592271846877245,111.84543693754487,1.4724926609116262,1.0595201426527885,200,False,0.4883620313824205,0.2929180484938659
140,0.5712629551160598,114.25259102321196,1.5795586199311615,-0.026753171163306555,200,False,-0.6015105259873842,0.2857998500783848
140,0.5472843325688798,109.45686651377595,1.5306765507143352,0.032743678530576026,200,False,-0.5865097570662269,0.295085841748999
140,0.5637347365269945,112.7469473053989,1.4996813867177818,0.04559906440376998,200,False,-0.5271366255083748,0.300779287461482
141,0.5518876334593046,110.37752669186091,1.4423989425234973,0.05011703282832301,200,False,-0.5138690371864049,0.29034284181542214
141,0.5605946747515591,112.11893495031181,1.4162232626251126,0.07786414419683207,200,False,-0.5543905411677758,0.29499503418817785
141,0.5652539088832814,113.0507817766563,1.5656621619390765,1.073552529208793,200,False,0.4994047664352034,0.2970877172553238
141,0.5639837777694758,112.79675555389517,1.5234792393170693,1.0426888695811423,200,False,0.4668424326431059,0.29906303516221394
142,0.5536448793912544,110.72897587825088,1.5263228300717064,1.074098069158101,200,False,0.4972131149740976,0.29082710551298974
142,0.55864131861241,111.72826372248198,1.4743637761748196,1.079442531074302,200,False,0.5023096240585215,0.3046385668004926
142,0.5679276886493141,113.5855377298628,1.4730955543794335,0.04598185081753946,200,False,-0.527174892408062,0.29258383726095527
142,0.5472038423086583,109.44076846173166,1.4994084455058714,1.0106638515441484,200,False,0.4380277844801004,0.290539163066222
143,0.5623824011734132,112.47648023468265,1.5025582522797671,0.07567540837072403,200,False,-0.5023027638373849,0.29331279220322853
143,0.5539810342587412,110.79620685174822,1.5131448111336012,0.0728662637641665,200,False,-0.5029674517098096,0.3102399903405489
143,0.5579582124097823,111.59164248195646,1.4738024366615163,0.053282646134179976,200,False,-0.5231821458334294,0.29309774101191893
143,0.5429932256502735,108.5986451300547,1.500176117860647,1.0481072614765723,200,False,0.417940062892313,0.2971645163379435
144,0.5587121061244273,111.74242122488546,1.4768395480116232,1.4006503574261477,200,False,0.8278896129965171,0.2980624038035601
144,0.5461299134916143,109.22598269832285,1.4775177128665993,0.04796705121166399,200,False,-0.5265883419772456,0.29186563904797796
144,0.5632225804844626,112.6445160968925,1.4775589637240745,1.0659778049919146,200,False,0.4891383559851816,0.2952226218791152
144,0.5528506199069677,110.57012398139354,1.4519827801322538,0.04368523160760686,200,False,-0.9324912712012362,0.2936494232289102
145,0.5735993097981473,114.71986195962945,1.525936999030677,0.07719438377018173,200,False,-0.4989553743885685,0.2997395929062298
145,0.5513843132428117,110.27686264856231,1.4450304012020616,0.01563927645465124,200,False,-0.4984959553397902,0.2886812791852207
145,0.5507354217417272,110.14708434834543,1.498871459723885,1.0519419696408214,200,False,0.4709410479414309,0.30737481087418406
145,0.5524019126193487,110.48038252386974,1.4784410092875513,1.072529333727256,200,False,0.5025477882742895,0.286990309413324
146,0.5660509788309767,113.21019576619533,1.4390625941098567,1.0387927604492528,200,False,0.49118932264172,0.29239076608766357
146,0.5564779097707163,111.29558195414326,1.4400514748400703,0.08032055429452223,200,False,-0.49716938337442207,0.2960077907781695
146,0.5690387517997775,113.80775035995549,1.527733979210873,0.12740329188025645,200,False,-0.5044257199905301,0.30278479607845743
146,0.5617114620817705,112.34229241635408,1.5001636618828678,0.05977167345804456,200,False,-0.5141191089566108,0.29739873393080674
147,0.5600839277080688,112.01678554161376,1.5227082360700237,1.147352829871036,200,False,0.5650600334965113,0.2924262752494031
147,0.5613290567010645,112.2658113402129,1.467017889409163,0.06356972576017372,200,False,-0.5634074277852619,0.2954088453675658
147,0.5616176165516574,112.3235233103315,1.4540012359154855,0.049534946435066715,200,False,-0.5232818271529268,0.30254252185177516
147,0.5682068351474696,113.64136702949392,1.4600598364230237,1.1009850108645682,200,False,0.12170189224343342,0.29231768299564903
148,0.5496151992627358,109.92303985254718,1.5064640635952986,1.0149993092936274,200,False,0.39157750366418054,0.296201992022707
148,0.5570171794436757,111.40343588873516,1.4809032087086245,1.0418483288456268,200,False,0.46674706745252514,0.30149356542839933
148,0.5477814217821024,109.5562843564205,1.4504116419290418,-0.0011275675876559893,200,False,-0.5769256193384723,0.29482981742178843
148,0.5528365392797473,110.56730785594945,1.477946770794175,1.0713303627485034,200,False,0.4941842416012825,0.290120542074107
149,0.5571097413765416,111.42194827530831,1.4653298485092947,1.0455685915173283,200,False,0.4221126077191135,0.2941918365419449
149,0.5547530912314538,110.95061824629074,1.369821117734141,0.9833897066982521,200,False,0.4097008342243863,0.29043495841416295
149,0.5575299738539288,111.50599477078573,1.1348411311296511,0.07943687124074761,200,False,-0.4953598942598084,0.29149483557497413
149,0.5384807748984302,107.69615497968606,1.4733365888431407,0.04490362832402707,200,False,-0.47360979419042826,0.30560062815898104
150,0.5558686648842881,111.17373297685764,1.473348273725566,0.07384485318720947,200,False,-0.4928381933325946,0.2861779582662148
150,0.5646557084481003,112.93114168962008,1.4736754837429764,1.0144498817521164,200,False,0.43981495716966645,0.28783099395768025
150,0.5600241323641578,112.00482647283157,1.4671301710288547,0.981496885757502,200,False,0.4026298888940011,0.29951768579444304
150,0.5480984171459913,109.61968342919823,1.4462541933145212,1.0563179829578837,200,False,0.47726658975713654,0.29107751984572117
151,0.5584279901702041,111.68559803404081,1.474454940351559,0.07124347770845196,200,False,-0.5483229117803766,0.30080591969936754
151,0.5529794751028806,110.59589502057611,1.4461230151524798,0.048737427005109094,200,False,-0.5161839189981372,0.2846261963069951
151,0.5373143837819638,107.46287675639276,1.4674482264181583,0.07117265872096934,200,False,-0.5036077672794944,0.2876084864370867
151,0.571878859496474,114.37577189929479,1.5805653338597305,1.5805653338597305,200,False,1.006886444361123,0.28832345730110925
152,0.5560624428609501,111.21248857219003,1.435625570768566,1.0478499977592572,200,False,0.4720266579998016,0.2969709007948665
152,0.5548978734765022,110.97957469530043,1.473609037897651,1.0664785690741592,200,False,0.4893370352709804,0.27782335565451866
152,0.5651312143506392,113.02624287012786,1.4362283141810528,1.0236043502168957,200,False,0.39846094271569676,0.2989234578041804
152,0.5567433577969926,111.34867155939853,1.4501647269882987,0.05458049953429512,200,False,-0.5206637267657426,0.2891067854386212
153,0.5519649816300466,110.39299632600931,1.4764540830546615,0.04384438209656337,200,False,-0.5840734467597575,0.28353223473492856
153,0.5804743442446856,116.09486884893712,1.471994711077892,1.0940769795679814,200,False,0.51391530154155,0.2938227577183129
153,0.5648709235309923,112.97418470619846,1.4780003823671044,0.012218590929083978,200,False,-0.5616584521794765,0.29689830299595676
153,0.553150436137773,110.63008722755461,1.4665395352628858,1.0165339953099828,200,False,0.43338334105234033,0.2894817320519668
154,0.5748587045190934,114.97174090381867,1.4750015542366228,0.004345112546110572,200,False,-0.5765146962456661,0.29049407618423045
154,0.5627866621200687,112.55733242401374,1.4447417342285265,1.1265147328744414,200,False,0.5540700760194034,0.287900278681548
154,0.5542363640304998,110.84727280609995,1.5238735614210246,0.07796663550905014,200,False,-0.504759928595799,0.3080477555456145
154,0.5649212972921525,112.9842594584305,1.5287029108407397,1.0150217280897296,200,False,0.4372005237867863,0.3018368036172886
155,0.5630891826795057,112.61783653590113,1.4463563052066146,1.0529664678419781,200,False,0.4918108993924951,0.28389483964033774
155,0.5531998813966161,110.63997627932324,1.4212242265582444,0.28785939034712915,200,False,-0.28707601954092354,0.2988128289844189
155,0.5650520724098478,113.01041448196955,1.5271575578432648,0.07423493215642152,200,False,-0.4947635555152188,0.2899423661043761
155,0.5596844531315361,111.9368906263072,1.418496004877208,0.042963310310924194,200,False,-0.5839717338603849,0.28524604122288644
156,0.5566641124995527,111.33282249991053,1.3698766695277134,1.0696181460313126,200,False,0.49108224322249083,0.2915398744328539
156,0.5508323382372883,110.16646764745765,1.484472726742741,0.07915416600934466,200,False,-0.5498711670523655,0.30340545618464493
156,0.5609271092069021,112.1854218413804,1.52566039610539,1.0578860680907163,200,False,0.5694645555006644,0.2891249213973874
156,0.5566281349189011,111.3256269837802,1.4233999026626964,0.10106577998871268,200,False,-0.4077041504363149,0.28918131422898535
157,0.5694414141677728,113.88828283355457,1.4667952461065628,1.040911177990816,200,False,0.46932557341345815,0.29184428637562776
157,0.5494664601788259,109.89329203576519,1.4726814052014725,1.0456319860891707,200,False,0.4675075897840616,0.2925680000401781
157,0.5615148800991088,112.30297601982176,1.476633021225136,1.0757509020417921,200,False,0.44444316719517507,0.2991967499059104
157,0.5481661879745083,109.63323759490167,1.5170845579130723,0.05227277721184842,200,False,-0.5755859572176626,0.28360712103851915
158,0.5585341182777371,111.70682365554742,1.475552721138282,1.1067589535645246,200,False,0.48304359756441284,0.28603221366809445
158,0.5570040026562143,111.40080053124287,1.5339134663519476,0.9822047215290212,200,False,0.40320142130560344,0.2940224578435759
158,0.5486266093378966,109.72532186757932,1.4012541840456942,1.047297486511411,200,False,0.48043427402558336,0.3035659318910823
158,0.5651880911752578,113.03761823505155,1.479142709526335,0.0659492862076898,200,False,-0.44910883471170226,0.29647358427336473
159,0.5658404446436984,113.16808892873968,1.524045973472618,0.0449439512808817,200,False,-0.910567552230329,0.2891254294111268
159,0.568274649149188,113.65492982983761,1.5768199213697232,1.073580560316324,200,False,0.49854580931830195,0.2845326541868206
159,0.5642370782966106,112.84741565932214,1.4967340216642016,1.0475238702874963,200,False,0.47532559617015824,0.29264083278679376
159,0.556392663140916,111.27853262818319,1.5269415220607498,0.020661332432359902,200,False,-0.5524422516176788,0.2935141092446954
160,0.5508053464695314,110.1610692939063,1.446017269578781,1.0217195355912339,200,False,0.4462821689586727,0.297441143153639
160,0.5520383990431352,110.40767980862704,1.4581203625130292,0.061800565323286025,200,False,-0.5016698801207344,0.29261122122796634
160,0.5579126936482804,111.5825387296561,1.4509395874144686,1.0520214715068426,200,False,0.47450617715323185,0.3060452544935008
160,0.5771881488777979,115.4376297755596,1.4793049539881091,1.041488687519942,200,False,0.4207004979514287,0.2972293339245332
161,0.5620157638906943,112.40315277813886,1.4477964835532091,1.078563109701416,200,False,0.5011753933845751,0.29961684372077085
161,0.5456571565127494,109.13143130254987,1.44329954776256,0.07175042089376295,200,False,-0.4971268426534948,0.2966417062012931
161,0.5629105863866964,112.58211727733928,1.525427841519975,0.09799443386681074,200,False,-0.47123150273194414,0.2991367243165624
161,0.5519616238450954,110.39232476901908,1.4747120110140262,1.0306214764016692,200,False,0.4745438914230251,0.29081623608338675
162,0.5477830974842216,109.55661949684432,1.4035259928825308,0.01572178209065732,200,False,-0.561756913233176,0.2917717216259571
162,0.558320104975328,111.66402099506563,1.5274216137143481,1.0153888704083247,200,False,0.4387989224140798,0.3059517824593939
162,0.5569178382669168,111.38356765338337,1.127748374533653,0.05081059481159912,200,False,-0.5215952181384788,0.2978887934034559
162,0.5463002292817857,109.26004585635714,1.447190162250528,0.04617999454715928,200,False,-0.5395437175307202,0.29070402335195844
163,0.5713806758081755,114.27613516163511,1.526005779650209,1.0976127248537313,200,False,0.5270123994232759,0.29528959937865046
163,0.5571039431174937,111.42078862349874,1.5058417884410649,0.07639114443330164,200,False,-0.5040747156024445,0.29611034927424335
163,0.555033392624277,111.00667852485539,1.474736764475024,1.1189377614100189,200,False,0.5427562140551057,0.2940781276840397
163,0.5488569283015922,109.77138566031843,1.4381942853543892,1.0351742997812354,200,False,0.4609640101316028,0.29424057790549274
164,0.5507130368948302,110.14260737896603,1.5758236036934068,0.10049873145049536,200,False,-0.47657632959180274,0.2962305243783088
164,0.5508637583345011,110.17275166690023,1.4083576865272727,-0.020905310466436525,200,False,-0.5970133541723511,0.29125027862590386
164,0.5632792489019666,112.65584978039332,1.468875106049501,1.0065859790568596,200,False,0.43432671465980666,0.29212841772768333
164,0.5648833013355281,112.97666026710563,1.4803160550004288,0.17418276886948214,200,False,-0.4031737718680294,0.29383032115915536
165,0.5683658415489893,113.67316830979784,1.4746731663677615,0.04837747234108035,200,False,-0.5245299392128449,0.29351906230764935
165,0.5522943238955574,110.4588647791115,1.4721663463698684,0.04758354627867624,200,False,-0.5204321615730516,0.28998414849941445
165,0.5661380910173913,113.22761820347826,1.5221594151202649,0.05317786917160448,200,False,-0.6281227635092325,0.2928583182612401
165,0.5442475439429414,108.84950878858828,1.1294957047957666,0.08015822303398301,200,False,-0.4961412635625825,0.29211650911106757
166,0.5618604151613087,112.37208303226174,1.4561060846528686,0.07343432136035255,200,False,-0.49483993489184364,0.28966417546817413
166,0.5681417102643196,113.62834205286393,1.4691470342598634,1.0691941783137149,200,False,0.49465046625420694,0.2964733118432857
166,0.5465236209946875,109.30472419893752,1.4735284797296828,1.0113092314368315,200,False,0.43185662592171414,0.2939984649897484
166,0.5491945845485878,109.83891690971757,1.4935419218902815,1.0736117891868793,200,False,0.5061242499283651,0.2934899383437652
167,0.5364281468521309,107.2856293704262,1.4703282612542976,0.07209254868604453,200,False,-0.6090129445300639,0.30207479518343017
167,0.5442563740014817,108.85127480029635,1.4870573947913373,0.07253824351580167,200,False,-0.49878032743009987,0.2840180783296776
167,0.5663406613242562,113.26813226485125,1.4934388690475555,1.0136726019078586,200,False,0.43598703450346277,0.2874125355169863
167,0.5705292048838184,114.10584097676369,1.4741739727104406,1.0442251589738232,200,False,0.4636237252845137,0.3031483268052043
168,0.5653739849793079,113.0747969958616,1.4824895618245524,1.0762533935237106,200,False,0.5583580550663508,0.3011479299250545
168,0.5703687577289057,114.07375154578114,1.5230402101272469,1.0300592995599596,200,False,0.4593972850923427,0.307080533976833
168,0.568671369818017,113.73427396360341,1.5076379019404935,0.0463277730748337,200,False,-0.5304441512686895,0.2983756363480121
168,0.5536801466136392,110.73602932272783,1.4683167306366383,1.08703602067026,200,False,0.5114203089187062,0.2919595240319137
169,0.553610468144674,110.7220936289348,1.4787235818839877,0.12092038229578815,200,False,-0.4483924492985254,0.28782193358239105
169,0.5608112482228869,112.16224964457737,1.5235857051698403,1.4714826835305048,200,False,0.8982686286314887,0.2890405211779539
169,0.5584055598353558,111.68111196707113,1.2557468637284437,0.12853475362983147,200,False,-0.44411778172345473,0.29225181231610164
169,0.5605102192394081,112.1020438478816,1.4791797160636757,1.0327058169008971,200,False,0.45880616258957096,0.30439853901344227
170,0.5650620634949323,113.01241269898645,1.4501331773437631,0.10185582710650012,200,False,-0.4764530395664207,0.29119655266044037
170,0.5520394171228258,110.40788342456516,1.492647332975786,1.0122305597562933,200,False,0.43899209455462074,0.2901513886929821
170,0.5415803735313871,108.31607470627743,1.4481401626049648,0.06466447512780359,200,False,-0.5138521177231378,0.30119111418324696
170,0.5676319447225217,113.52638894450435,1.442592134250982,1.0491761635145356,200,False,0.07357814460204182,0.29610000920839863
171,0.5658064296952453,113.16128593904905,1.5234605030277473,1.4731380104494836,200,False,0.8937863311962992,0.28601536038016967
171,0.5561404027282917,111.22808054565836,1.4118932912545081,0.04864261812150626,200,False,-0.5169091689851806,0.2982016911659211
171,0.5597971957432988,111.95943914865975,1.5017947495169797,0.07418502492834246,200,False,-0.49319847743986145,0.30067857102148965
171,0.5439340236414795,108.7868047282959,1.475569460866211,1.0771450036630021,200,False,0.5013026710986724,0.29549225949983854
172,0.5716613235674041,114.33226471348081,1.5011866802611726,1.0742122439630846,200,False,0.4947886669453342,0.2916687122793085
172,0.5523311928463251,110.46623856926503,1.473323106148791,0.0701834079163739,200,False,-0.5018708907890714,0.2938886796175716
172,0.5558630876319947,111.17261752639894,1.4188262071197069,0.0742840667710486,200,False,-0.5527530927984184,0.3108650657312634
172,0.5646299365623005,112.92598731246011,1.5818683294796623,1.0732714952380968,200,False,0.5027451263612163,0.2922156969825476
173,0.5580484827487251,111.60969654974502,1.4493540832763794,0.0936776393755827,200,False,-0.48044495878182025,0.29364192297855946
173,0.5644821562631668,112.89643125263335,1.4842929698554979,1.023968235747159,200,False,0.4514850899070515,0.29678754658197204
173,0.5554721625740351,111.09443251480701,1.5315172989399004,0.0446181987318779,200,False,-0.526384119012532,0.2952036958456786
173,0.5721273878320176,114.4254775664035,1.4752557778574826,1.0492653877686675,200,False,0.47909038071917087,0.3082409423357898
174,0.5593284019248899,111.86568038497798,1.4451618157685648,0.06583041975631065,200,False,-0.4842758486697676,0.30173173115852847
174,0.5492420469831649,109.84840939663297,1.4490980272815366,0.011372307453583641,200,False,-0.5624315807127646,0.2965916622904467
174,0.5493260554793551,109.86521109587102,1.498074835471037,1.0707546655617015,200,False,0.49412717432934017,0.29129926098793074
174,0.5644263022391351,112.88526044782704,1.4769765287922247,0.07886790948578648,200,False,-0.4432894931815895,0.2986749545695764
175,0.5485689255261599,109.71378510523198,1.4726869871165036,0.0494897992633022,200,False,-0.5233367395015185,0.2952899249649043
175,0.5648224569913088,112.96449139826177,1.5324510239639124,1.0503206902435729,200,False,0.477372887724012,0.29283957206071715
175,0.5648666221510193,112.97332443020387,1.4793162662048602,1.0659808732887588,200,False,0.43900844665231,0.2916629724672447
175,0.5644814925112496,112.89629850224992,1.4428055334055438,1.0492159858473267,200,False,0.4751300971530802,0.2878092227170865
176,0.5588220949556678,111.76441899113357,1.47671765623778,0.011972247934591049,200,False,-0.5652496500276863,0.29427589277038146
176,0.5514107644379354,110.28215288758707,1.448475481083639,1.0469135440312838,200,False,0.4668512935118079,0.30081690901686764
176,0.5621662873476271,112.43325746952543,1.4992016058975135,0.07056978616800158,200,False,-0.510015393638616,0.28898255002912443
176,0.5760810637934715,115.21621275869428,1.4752344482155855,1.0937036225864183,200,False,0.5174054569539459,0.2922547105759272
177,0.5602700635412438,112.05401270824875,1.4760773774033435,1.0085348503573213,200,False,0.4411215396136092,0.3024448303848112
177,0.5583946057044363,111.67892114088728,1.4508857613223805,0.056438451990809976,200,False,-0.572979165849968,0.2865094537358176
177,0.5564701298268563,111.29402596537123,1.4462912319278054,1.0162419645729632,200,False,0.4388813161324834,0.29065491260673604
177,0.5640277508552737,112.80555017105473,1.4721389330330248,0.007873042115143579,200,False,-0.5371992056339361,0.30098245637703236
178,0.5761017640031354,115.22035280062707,1.5250691858982313,0.04248383125386866,200,False,-0.5734912301400612,0.2926788966037753
178,0.5547236007751587,110.94472015503173,1.1367115741405056,1.0217631948866928,200,False,0.44378296838021225,0.2985989264756157
178,0.5475680742838032,109.51361485676063,1.4336637710871791,1.0781241938845318,200,False,0.5148978464686714,0.2958746536122555
178,0.5744016918406281,114.88033836812563,1.4762857344821652,1.0741325754451208,200,False,0.49931039252740117,0.2923296489503624
179,0.5626589663208039,112.5317932641608,1.4516416026570884,0.07845016085135252,200,False,-0.5452381696767309,0.2963069506212776
179,0.5571238510244503,111.42477020489005,1.5265091927657872,0.038938719961954985,200,False,-0.5252474561529547,0.29100642968571566
179,0.5547127567709056,110.94255135418112,1.4989808224157475,1.002793825913495,200,False,0.4267172666336273,0.29066283856665237
179,0.5536433147423699,110.72866294847398,1.4218001406841376,1.071527586397171,200,False,0.444518847819914,0.29452412294045127
180,0.5570654152470799,111.41308304941597,1.4515543831305457,0.04774832111719664,200,False,-0.531199960470132,0.29843869382053984
180,0.5525487585615816,110.50975171231632,1.4757177437216882,1.0161707000991214,200,False,0.3838724219057559,0.28561121658723115
180,0.5683169107573227,113.66338215146455,1.410984201815579,1.0156113105147029,200,False,0.44439100451714053,0.29080580163364994
180,0.5477270604062595,109.54541208125191,1.449074276252002,0.03525172503184616,200,False,-0.5437949835157534,0.30406826536543474
181,0.5616644052740126,112.33288105480251,1.4754487828285971,1.118219803310728,200,False,0.5508844380489825,0.29523611158721974
181,0.5557912873839712,111.15825747679423,1.4742325473349358,1.080965903034559,200,False,0.45543365160537186,0.30492854319863166
181,0.5659383448978672,113.18766897957343,1.4233568089959376,0.01722689982462,200,False,-0.9545440173320038,0.2975947727016816
181,0.5751414276994155,115.0282855398831,1.5306170605159544,1.0779433897861437,200,False,0.4504939081443141,0.2887043406770415
182,0.5521678015177881,110.43356030355761,1.4630705727819207,1.0167596324294401,200,False,0.4383297235958271,0.29109994838451586
182,0.5387975249205202,107.75950498410404,1.3862597916084964,0.04678413310912076,200,False,-0.4660068711842945,0.30333602108630037
182,0.5546989677527029,110.93979355054059,1.525960783302477,1.0026753382570803,200,False,0.43037177538580706,0.28780679668863646
182,0.5793620842908663,115.87241685817327,1.5296459347950044,0.04897690717967075,200,False,-0.5300280632630697,0.2930742263346901
183,0.5619989055537463,112.39978111074927,1.4753051177958412,0.009236445628648116,200,False,-0.570307930041115,0.29710444745305237
183,0.5570786709051626,111.41573418103252,1.4690207250024299,1.0413520372871732,200,False,0.47297442308654236,0.3081129829219468
183,0.5489463486051734,109.78926972103469,1.4721229861391962,0.04848114959626858,200,False,-0.5266095180676904,0.2934448856137633
183,0.5649756770855496,112.99513541710995,1.5229018900242783,0.0711832221936691,200,False,-0.5072771118076099,0.3036795635208666
184,0.5466488523579898,109.32977047159795,1.5284075762174891,1.0757639331216606,200,False,0.5026064798943395,0.2846638651184717
184,0.5712044738612815,114.24089477225628,1.4714309003716983,0.03539104487800816,200,False,-0.5340572474749551,0.2849270257959671
184,0.5533762815208143,110.67525630416287,1.4435268185988344,1.0779644467627592,200,False,0.504737616748808,0.30116696159143763
184,0.5745865582289046,114.91731164578093,1.475297490411359,0.12546752751772938,200,False,-0.4502952948356824,0.3047720693228454
185,0.5763896717177065,115.2779343435413,1.468237637111022,1.078852175937257,200,False,0.503826499610616,0.2839738123896499
185,0.555935640561354,111.1871281122708,1.425484619061187,0.020938465997039635,200,False,-0.5311316479904201,0.30122411122738896
185,0.5595369233933798,111.90738467867594,1.4713470124563364,1.0231616916447481,200,False,0.4501416362034847,0.2946562774848625
185,0.5540243771642973,110.80487543285946,1.4469067179481567,0.06418753558958404,200,False,-0.5025509039396965,0.30487634504034705
